Компания,Отрасль,Сайт,Целевая роль,Телефоны,Emails,Соцсети,Приоритет,Статус
АСБ Беларусбанк,Банки,belarusbank.by,Зам. по цифровизации / IT-директор,+375 17 309-04-04; 147; +375 17 218-84-31; +375 17 226-47-50; +375 17 309-03-87,info@belarusbank.by,https://www.facebook.com/asb.belarusbank/,A,собран
Белагропромбанк,Банки,belapb.by,Зам. по цифровизации / IT-директор,+375 17 218-57-77; 136; +375 29 198-57-77; +375 29 888-57-77; +375 25 999-57-77; +375 17 218-57-14,info@belapb.by,,A,собран
Приорбанк,Банки,priorbank.by,Зам. по цифровизации / IT-директор,+375 17 289-90-90; 187; 487; +375 17 289-92-92; +375 17 289-91-91; +375 17 308-80-80; +375 17 308-85-00,prior@priorbank.by,,A,собран
Альфа-Банк (Беларусь),Банки,alfabank.by,Зам. по цифровизации / IT-директор,+375 17 217-64-64; 198; +375 44 733-33-32; +375 29 733-33-32; +375 25 733-33-32; +375 17 229-74-44,help@alfa-bank.by,,A,собран
Сбер Банк (Беларусь),Банки,sber-bank.by,Зам. по цифровизации / IT-директор,148; +375 29 514-81-48; +375 44 514-81-48; +375 25 514-81-48; +375 17 210-03-42; +375 17 359-99-11; +375 29 359-99-11; +375 33 348-99-11,inbox@bps-sberbank.by; inbox@sber-bank.by,,A,собран
Белгазпромбанк,Банки,belgazprombank.by,Зам. по цифровизации / IT-директор,+375 17 229-16-16; 120; +375 33 666-61-20; +375 44 766-61-20; +375 25 666-61-20; +375 17 229-16-29; +375 17 218-36-55,bank@bgpb.by; fi@bgpb.by,,A,собран
Банк БелВЭБ,Банки,belveb.by,Зам. по цифровизации / IT-директор,+375 17 215-61-15; 205,office@belveb.by,https://www.facebook.com/@belveb/,A,собран
МТБанк,Банки,mtbank.by,Зам. по цифровизации / IT-директор,+375 17 229-99-99; +375 17 229-99-00; +375 17 213-29-09; +375 17 229-99-01; +375 17 229-99-77; +375 29 128-99-99; +375 33 638-99-99; 7203,bank@mtbank.by; mybank@mtbank.by; HRanketa@mtbank.by,,A,собран
Банк ВТБ (Беларусь),Банки,vtb-bank.by,Зам. по цифровизации / IT-директор,+375 17 309-15-15; 250; +375 29 309-15-15; +375 33 309-15-15; +375 29 500-56-56; +375 17 309-15-00,info@vtb-bank.by,,A,собран
Белорусский народный банк,Банки,bnb.by,Зам. по цифровизации / IT-директор,+375 17 309-73-09; 7309; +375 29 309-73-09; +375 33 309-73-09,bnb@bnb.by; customer@bnb.by,,A,собран
Белинвестбанк,Банки,belinvestbank.by,Зам. по цифровизации / IT-директор,+375 17 239-02-39; 146; +375 17 389-07-77; +375 29 685-00-48; +375 33 685-00-48; +375 25 685-00-48,bib@belinvestbank.by; callcenter@belinvestbank.by,,A,собран
Банк Дабрабыт,Банки,bankdabrabyt.by,Зам. по цифровизации / IT-директор,+375 17 237-97-97; +375 29 522-21-11; +375 44 522-21-11; +375 25 522-21-11; +375 17 239-19-99; +375 17 239-19-19; +375 33 633-66-11; +375 29 633-66-11; +375 17 239-17-81; +375 17 239-16-12,bank@bankdabrabyt.by; doverie@bankdabrabyt.by,,A,собран
Паритетбанк,Банки,paritetbank.by,Зам. по цифровизации / IT-директор,+375 17 311-44-44; 171; +375 29 311-49-49; +375 25 545-49-49; +375 29 662-38-10,info@paritetbank.by,,A,собран
Технобанк,Банки,tb.by,Зам. по цифровизации / IT-директор,+375 17 388-57-57; +375 17 237-43-73; +375 17 283-28-28,info@tb.by,,A,собран
Банк РРБ,Банки,rrb.by,Зам. по цифровизации / IT-директор,+375 17 337-02-02; 226; +375 17 269-23-09; +375 17 347-23-09; +375 17 269-23-39; +375 17 269-23-60,info@rrbbank.by,,A,собран
БТА Банк,Банки,btabank.by,Зам. по цифровизации / IT-директор,+375 17 334-54-34; +375 17 311-32-32; +375 44 528-22-82; +375 29 528-22-82; +375 25 528-22-82; +375 17 311-32-55; +375 17 299-25-25; +375 17 289-58-22,info@btabank.by,,A,собран
Цептер Банк,Банки,zepterbank.by,Зам. по цифровизации / IT-директор,+375 17 287-95-95; 7817; +375 29 145-95-95; +375 29 293-95-95,info@zepterbank.by,,A,собран
БСБ Банк,Банки,bsb.by,Зам. по цифровизации / IT-директор,+375 17 306-20-40; +375 29 306-20-40; +375 33 306-20-40,info@bsb.by,,A,собран
Статусбанк,Банки,stbank.by,Зам. по цифровизации / IT-директор,+375 17 303-00-00; +375 25 712-00-00; +375 29 712-00-00; +375 44 712-00-00; +375 29 303-00-00,info@stbank.by; kontakt@stbank.by,,A,собран
Белгосстрах,Страхование,bgs.by,IT-директор / директор по операциям,+375 17 269-26-00; +375 17 269-26-92; 7557; +375 17 308-27-27; +375 17 373-86-08; +375 17 250-90-34; +375 17 219-47-77,info@bgs.by,,B,собран
Белэксимгарант,Страхование,eximgarant.by,IT-директор / директор по операциям,+375 17 371-00-60; +375 17 227-45-72; +375 17 399-10-35; +375 17 323-13-00; +375 17 305-65-63; +375 17 249-25-91; +375 44 700-08-65; +375 17 356-99-27; +375 17 306-38-16; +375 17 399-08-24,info@eximgarant.by; minsk@eximgarant.by; modvs@eximgarant.by,,B,собран
Белнефтестрах,Страхование,bns.by,IT-директор / директор по операциям,+375 17 226-78-88; +375 17 203-24-55; +375 17 336-51-21,insurance@bns.by,,B,собран
ТАСК,Страхование,task.by,IT-директор / директор по операциям,+375 17 363-24-02; +375 17 365-10-66; +375 17 365-10-63; +375 29 112-21-13; +375 17 365-11-66; +375 17 373-11-75; +375 17 358-10-86; +375 17 365-15-52; +375 29 195-95-98; +375 17 365-12-04,office@task.by,,B,собран
Промтрансинвест,Страхование,promtransinvest.by,IT-директор / директор по операциям,+375 17 311-48-88; 128; +375 17 311-48-78; +375 17 270-77-77; +375 17 228-12-48,inform@promtransinvest.by,,B,собран
Стравита,Страхование,stravita.by,IT-директор / директор по операциям,+375 17 270-76-44; 7644; +375 17 200-65-39; +375 17 200-65-38; +375 29 355-10-20,info@stravita.by,,B,собран
Белоруснефть,АЗС / Топливо,belorusneft.by,Коммерческий директор / директор по рознице,+375 232 79-34-76; +375 232 79-34-65; +375 232 79-33-57; +375 232 79-36-72; +375 232 79-35-62; +375 232 79-35-64; +375 232 79-33-35; +375 232 33-85-14; +375 232 79-34-35; +375 232 23-75-75; +375 17 279-92-00; +375 17 279-92-95; +375 17 279-94-79; +375 17 279-94-77; +375 33 643-14-31,contact@beloil.by; gomelonp@beloil.by; gomel-trade@beloil.by,,A,собран
Лукойл Белоруссия,АЗС / Топливо,lukoil.by,Коммерческий директор / директор по рознице,+375 17 208-98-00; +375 17 208-98-01; +375 17 208-98-99; +375 17 208-98-88; +375 44 500-98-09,info@lukoil.by; rrc@lukoil.by; customer@club-lukoil.by,,A,собран
Газпромнефть-Белнефтепродукт,АЗС / Топливо,azs.gazprom-neft.by,Коммерческий директор / директор по рознице,+375 17 229-94-00; +375 17 229-94-11; +375 17 239-06-09,mail@gazprom-neft.by,,A,собран
А-100 (Астотрейдинг),АЗС / Топливо,a-100.by,Коммерческий директор / директор по рознице,+375 17 233-33-33; +375 29 623-33-33; +375 29 773-30-33; +375 44 500-44-73; +375 29 333-29-48,info-azs@a-100.by; fuel@a-100.by; marketing@a-100.by; assist@a-100.by; nf-azs@a-100.by; fin-azs@a-100.by; a-100@a-100.by,,A,собран
РН-Запад (Роснефть/Славнефть),АЗС / Топливо,rn-west.by,Коммерческий директор / директор по рознице,+375 17 259-68-00; +375 17 259-68-68; +375 17 350-21-33; 8 801 100 7111,,,A,частично
Татбелнефтепродукт (Татнефть),АЗС / Топливо,tatbelneft.by,Коммерческий директор / директор по рознице,+375 17 310-13-78; +375 17 234-92-16; +375 29 687-70-23,info@tatbelneft.by; oskl@tatbelneft.by; ldv@tatbelneft.by; ok-tbnp@tatbelneft.by,,A,собран
Бел Фуд Сервис,HoReCa,invest.belfs.by,Операционный директор / собственник,+375 17 308-78-53; +375 17 203-13-58; +375 17 313-10-91,,,A,частично
КреативФудС-Восток,HoReCa,kfc-vostok.by,Операционный директор / собственник,+375 44 561-73-05; +375 17 336-55-76; +375 29 647-07-63; +375 29 647-07-05; +375 29 647-07-60; +375 29 647-07-34,info@kfc-vostok.by,,A,собран
Урбан Снэки (Cofix),HoReCa,cofix.global,Операционный директор / собственник,+375 29 639-25-22; +375 44 566-48-85; +375 29 164-41-76; +375 29 164-42-11; +375 29 689-25-21; +375 29 164-41-32; +375 29 164-40-73; +375 29 689-25-38; +375 29 689-25-41,info@cofix.by,,A,собран
Varka,HoReCa,varkacoffee.by,Операционный директор / собственник,+375 44 521-44-58,varka.coffee.rb@gmail.com; arendavarka@gmail.com,,A,собран
Хотфикс,HoReCa,hotfixcafe.by,Операционный директор / собственник,+375 29 144-35-11; +375 29 610-79-47; +375 44 523-39-66; +375 29 134-28-04; +375 44 554-46-96; +375 29 394-79-68,info@hotfixcafe.by,,A,собран
А1,Телеком,a1.by,Директор по развитию / CIO,+375 17 330-30-30; +375 17 330-33-03; +375 17 217-84-92; +375 17 237-98-98; +375 29 600-02-25; +375 29 100-04-21; 150,corp@a1.by; legal@a1.by; 150@a1.by; voka@a1.by; otp@a1.by; sd@a1digital.by,,A,собран
МТС (Беларусь),Телеком,mts.by,Директор по развитию / CIO,+375 17 237-98-95; 0990,corporate@mts.by; help@mts.by,,A,собран
life:),Телеком,life.com.by,Директор по развитию / CIO,+375 17 259-22-22; +375 25 909-09-09; +375 25 909-00-19; +375 25 909-00-21; +375 25 909-00-24; +375 25 909-00-23; +375 25 909-00-20; +375 25 909-00-22; 909,corp@life.com.by,,A,собран
Белтелеком,Телеком,beltelecom.by,Директор по развитию / CIO,+375 17 217-10-05; +375 17 217-10-06; +375 17 217-12-21; +375 232 20-22-72; +375 232 29-67-73; +375 232 29-67-78; +375 232 29-67-74; +375 232 29-68-66; +375 232 38-10-32; 123,info@main.beltelecom.by; gala@gomel.beltelecom.by; info@gomel.beltelecom.by; ul_gyd@gomel.beltelecom.by,,A,собран
beCloud,Телеком,becloud.by,Директор по развитию / CIO,+375 17 287-11-11; +375 17 287-11-49; +375 17 327-72-77,info@becloud.by,,A,собран
EPAM,IT,epam.com,Директор по развитию / CTO,+375 17 389-01-00; +375 17 210-16-62,info@epam.com,,B,собран
Itransition,IT,itransition.com,Директор по развитию / CTO,+375 17 300-40-04; +375 29 197-01-51; +375 29 782-32-17,info@itransition.com,,B,собран
Intetics,IT,intetics.com,Директор по развитию / CTO,+1 239 217-49-07,intetics@intetics.com,,B,собран
SoftClub,IT,softclub.by,Директор по развитию / CTO,+375 17 279-33-00,office@softclub.by,,B,собран
IBA Group,IT,iba.by,Директор по развитию / CTO,+375 17 217-53-00; +375 17 318-09-82; +375 17 318-24-82; +375 17 318-09-15; +375 17 217-39-12; +375 17 217-33-33; +375 17 269-77-99; +375 17 208-39-99; +375 17 269-77-77,info@iba.by; info@ibaitpark.com,,B,собран
Sam Solutions,IT,sam-solutions.com,Директор по развитию / CTO,+49 8105 399050; +375 17 309-17-09,info@sam-solutions.com,,B,собран
ISsoft,IT,coherentsolutions.com,Директор по развитию / CTO,+375 17 396-61-61; +375 17 235-51-18,info@issoft.by,,B,собран
Belhard,IT,belhard.com,Директор по развитию / CTO,+375 29 220-84-26; +375 17 226-84-26; +375 33 346-84-26; +375 29 153-84-26; +375 25 543-84-26; +375 17 243-84-26; 7085,office@belhard.com; info@belhard.com,,B,собран
Godel Technologies,IT,godeltech.com,Директор по развитию / CTO,+375 17 373-69-11; +375 17 328-17-34; +375 44 762-10-81,hello@godeltech.com; info@godeltech.com,,B,собран
Andersen,IT,andersenlab.com,Директор по развитию / CTO,+375 17 388-40-22,info@andersenlab.com; marketing.departm@andersenlab.com,https://www.instagram.com/andersencompany/,B,собран
iTechArt,IT,itechart.com,Директор по развитию / CTO,+1 718 374-50-43; +44 20 7117-28-42; +1 732 734-65-25,,https://ru.linkedin.com/company/itechart,B,частично
SoftSwiss,IT,softswiss.com,Директор по развитию / CTO,+375 29 750-86-23; +375 44 778-21-25; +375 33 378-80-80,info@softswiss.com; order@softswiss.com,,B,собран
Wargaming,IT,wargaming.com,Директор по развитию / CTO,,press@wargaming.net,,B,частично
ScienceSoft,IT,scnsoft.com,Директор по развитию / CTO,+1 214 306-68-37; +48 22 162-18-13,contact@scnsoft.com; eu@scnsoft.com,,B,собран
Apalon,IT,apalon.com,Директор по развитию / CTO,,contact@apalon.com; info@apalon.com,https://m.facebook.com/apalon/; https://ru.linkedin.com/company/apalon,B,частично
Gismart,IT,gismart.com,Директор по развитию / CTO,+44 20 3287-30-01; +375 29 333-73-54,info@gismart.com,,B,собран
PandaDoc,IT,pandadoc.com,Директор по развитию / CTO,+1 800 274-96-94; +1 888 865-87-55; +1 800 674-29-74,info@pandadoc.com; support@pandadoc.com; press@pandadoc.com,https://ru.linkedin.com/company/pandadoc,B,собран
БЕЛАЗ,Машиностроение,belaz.by,Директор по цифровизации / IT-директор,+375 1775 27-77-70; +375 1775 27-47-4; +375 1775 27-27-2; +375 1775 27-80-3; +375 1775 27-81-6; +375 1775 70-89-8; +375 1775 58-88-1,office@belaz.minsk.by; bs@belaz-s.by,,B,собран
МАЗ,Машиностроение,maz.by,Директор по цифровизации / IT-директор,+375 17 217-22-22; +375 17 217-98-09; +375 17 217-96-01; +375 17 217-96-20; +375 17 358-68-79; +375 17 374-05-55; +375 17 274-17-03; +375 44 700-03-21,rb@maz.by; ssc@maz.by,,B,собран
МТЗ (Беларус),Машиностроение,belarus-tractor.com,Директор по цифровизации / IT-директор,+375 17 246-60-09; +375 17 333-49-44; +375 17 333-49-45; +375 17 333-49-46; +375 17 333-49-48; +375 17 333-04-11; +375 17 333-04-14; +375 17 333-01-52; +375 17 333-01-59; +375 17 333-01-56,sales@mtz.by; tdmtz@mtz.by,,B,собран
Гомсельмаш,Машиностроение,gomselmash.by,Директор по цифровизации / IT-директор,+375 232 63-90-66; +375 232 59-22-10; +375 232 54-24-66; +375 232 59-21-36; +375 232 54-97-69; +375 232 59-23-02; +375 232 59-10-31; +375 232 54-67-64,post@gomselmash.by,,B,собран
МЗКТ,Машиностроение,mzkt.by,Директор по цифровизации / IT-директор,+375 17 330-17-09; +375 17 291-31-85; +375 17 291-31-78; +375 17 291-31-92; +375 17 291-31-93,link@mzkt.by; volat@mzkt.by,,B,собран
Минский моторный завод,Машиностроение,mmz-motor.by,Директор по цифровизации / IT-директор,+375 17 218-31-09; +375 17 218-31-34; +375 17 218-31-21,kanc@mmz-motor.by,,B,собран
Амкодор,Машиностроение,amkodor.by,Директор по цифровизации / IT-директор,+375 17 308-33-00; +375 17 308-32-75; +375 17 308-32-88; +375 17 308-32-34,kanz@amkodor.by; amkodor-mash@amkodor.by,,B,собран
Белкоммунмаш,Машиностроение,holdingbkm.com,Директор по цифровизации / IT-директор,+375 17 346-80-03; +375 17 295-41-32; +375 17 210-50-55,info@belcommunmash.by,,B,собран
Бобруйскагромаш,Машиностроение,bobruiskagromach.com,Директор по цифровизации / IT-директор,+375 225 72-40-92; +375 225 43-45-52; +375 225 72-41-12; +375 225 72-41-40; +375 225 72-41-94; +375 225 44-29-11; +375 225 44-96-96; +375 225 44-27-54; +375 225 43-60-77,info@agromash.by; sbit@agromash.by; market@agromash.by,,B,собран
БелОМО,Машиностроение,belomo.by,Директор по цифровизации / IT-директор,+375 17 272-41-01; +375 17 348-44-71; +375 17 215-11-21; +375 17 325-44-70; +375 17 373-91-88; +375 17 215-23-01,belomo@belomo.by,,B,собран
Атлант,Электроника / бытовая техника,atlant.by,Директор по цифровизации / IT-директор,+375 17 218-60-45; +375 17 218-64-98,info@atlant.by; opt@td.atlant.by,,B,собран
Горизонт,Электроника / бытовая техника,horizont.by,Директор по цифровизации / IT-директор,+375 17 226-36-01; +375 17 226-34-76; +375 17 228-19-60; +375 17 228-20-14; +375 17 228-09-52; +375 17 374-83-49; +375 17 397-37-38,zebt@horizont.by; service@horizont.by,,B,собран
Гефест (Брестгазоаппарат),Электроника / бытовая техника,gefest.by,Директор по цифровизации / IT-директор,+375 162 27-66-77; +375 162 27-64-28; +375 162 27-64-51; +375 162 27-64-52; +375 162 27-67-10; +375 162 27-67-90,servis.vnf@gefest.org,,B,собран
Интеграл,Электроника / бытовая техника,integral.by,Директор по цифровизации / IT-директор,+375 17 224-60-51; +375 17 302-14-51; +375 17 398-75-13,office@integral.by,,B,собран
Витязь,Электроника / бытовая техника,vityas.com,Директор по цифровизации / IT-директор,+375 212 26-49-35; +375 212 26-52-13,tv@vityas.com,,B,собран
Белорусский металлургический завод,Металлургия / химия,belsteel.com,Директор по операциям / IT-директор,+375 2334 54-520; +375 2334 42-728; +375 2334 55-945; +375 2334 56-615; +375 2334 56-957; +375 2334 55-391,ofwork@bmz.gomel.by,,B,собран
Концерн Белнефтехим,Металлургия / химия,belneftekhim.by,Директор по операциям / IT-директор,+375 17 277-29-02; +375 17 269-01-01; +375 17 277-10-08,koncbnx@belneftekhim.by,,B,собран
Белшина,Металлургия / химия,belshina.by,Директор по операциям / IT-директор,+375 225 70-89-50; +375 225 41-12-21; +375 225 70-94-65; +375 225 70-91-00; +375 225 41-15-65; +375 225 41-06-12; +375 225 41-08-54; +375 2241 54-640,belshina@belshina.by,,B,собран
Беларуськалий,Металлургия / химия,kali.by,Директор по операциям / IT-директор,+375 174 29-86-08; +375 174 22-40-35; +375 174 22-20-20; +375 174 23-71-65; +375 174 26-37-65; +375 174 26-38-33; +375 17 324-42-39,belaruskali.office@kali.by,,B,собран
Нафтан,Металлургия / химия,naftan.by,Директор по операциям / IT-директор,+375 214 59-82-57; +375 214 59-88-88; +375 214 59-80-00,naftan@naftan.by,,B,собран
Гродно Азот,Металлургия / химия,azot.by,Директор по операциям / IT-директор,+375 152 79-46-50; +375 152 74-52-44; +375 152 79-40-45; +375 152 79-48-55; +375 152 79-54-59; +375 152 79-43-31; +375 152 79-45-32; +375 152 72-12-46; +375 29 319-33-59,oao@azot.com.by,,B,собран
Могилёвхимволокно,Металлургия / химия,khimvolokno.by,Директор по операциям / IT-директор,+375 222 49-90-09; +375 222 74-60-01; +375 222 49-91-17; +375 222 76-40-11; +375 222 76-40-12; +375 222 49-99-71; +375 222 49-99-57; +375 222 49-99-82; +375 222 49-99-39; +375 222 49-96-50; +375 222 49-99-51; +375 222 49-92-93; +375 222 49-92-77; +375 222 49-99-06; +375 222 49-92-40,mogilev@khimvolokno.by; opsp@khimvolokno.by; invest@khimvolokno.by; volokno@khimvolokno.by; netkanka@khimvolokno.by; forwarder@khimvolokno.by; petf@khimvolokno.by,,B,собран
СветлогорскХимволокно,Металлургия / химия,sohim.by,Директор по операциям / IT-директор,+375 2342 48-377; +375 2342 48-180; +375 2342 95-409; +375 2342 37777; +375 2342 94-850,sohim@sohim.by; spunbond@sohim.by,,B,собран
Лакокраска (Лида),Металлургия / химия,lidalkm.by,Директор по операциям / IT-директор,+375 154 53-84-30; +375 154 53-85-85; +375 29 300-33-88; +375 33 300-33-66; +375 29 338-89-61; +375 29 338-82-79; +375 29 338-84-43,support@lidalkm.by; ved@lidalkm.by; lkm.exp@lidalkm.by; lack.exp@lidalkm.by,,B,собран
Красносельскстройматериалы,Стройматериалы,cementby.by,Директор по операциям / IT-директор,+375 1512 6-10-71; +375 1512 3-76-60; +375 1512 3-76-51,info@cementby.by,,B,собран
Кричевцементношифер,Стройматериалы,kcsh.by,Директор по операциям / IT-директор,+375 2241 2-09-09; +375 2241 2-09-11,kcsh@kcsh.by; prim@kcsh.by,,B,собран
Белорусский цементный завод,Стройматериалы,belcement.by,Директор по операциям / IT-директор,+375 2245 7-26-50,info@belcement.by,,B,собран
Гомельстекло,Стройматериалы,gomelglass.by,Директор по операциям / IT-директор,+375 232 94-34-76; +375 232 94-33-99; +375 232 92-72-49; +375 232 92-70-95; +375 232 92-71-00; +375 232 92-70-43; +375 232 92-74-73; +375 232 92-70-07,post@gomelglass.by,,B,собран
Гомельстройматериалы,Стройматериалы,oaogsm.by,Директор по операциям / IT-директор,+375 232 59-50-06; +375 232 59-52-17; +375 232 59-50-96; +375 232 59-51-56; +375 232 59-51-19; +375 29 377-4-800; +375 29 377-4-900; +375 44 524-77-77,otmarket@gstrmat.by; info@gstrmat.by,,B,собран
БелГипс,Стройматериалы,belgips.by,Директор по операциям / IT-директор,+375 17 543-59-28; +375 17 543-59-08; +375 17 294-80-64; +375 17 294-13-77; +375 29 358-76-06,info@knauf.by; magazin@belgips.by,,B,собран
Керамин,Стройматериалы,keramin.by,Директор по операциям / IT-директор,+375 17 219-26-00; +375 17 378-97-12; +375 17 219-26-26; +375 17 378-66-34; +375 17 355-82-51; +375 17 325-80-32; +375 17 398-82-22; +375 17 219-26-81; +375 17 358-87-15; +375 17 288-87-77,office@keramin.com; office@keramin.by; foreign_dept@keramin.com,,B,собран
МАПИД,Девелопмент / строительство,mapid.by,Коммерческий директор / директор по маркетингу,+375 17 209-87-00; +375 29 151-87-00; +375 17 209-87-32; +375 17 209-87-52; +375 17 209-87-25; +375 17 213-58-32,mail@mapid.by,,B,собран
Минский домостроительный комбинат,Девелопмент / строительство,minskdsk.by,Коммерческий директор / директор по маркетингу,+375 17 358-99-47; +375 17 395-48-60; +375 17 364-29-45; +375 17 395-24-07; +375 17 373-96-24; +375 17 375-54-14; +375 17 374-29-18,info@minskdsk.by,,B,собран
Брестжилстрой,Девелопмент / строительство,dsk-brest.by,Коммерческий директор / директор по маркетингу,+375 162 40-63-55; +375 162 40-63-48; +375 29 590-29-50; +375 162 52-82-83; +375 162 51-31-38,dsk@brest.by; export@dsk-brest.by,,B,собран
Минскстрой,Девелопмент / строительство,minskstroy.by,Коммерческий директор / директор по маркетингу,+375 17 327-78-70; +375 17 327-77-61; +375 17 327-33-83; +375 17 327-52-36; +375 17 327-23-01; +375 29 195-18-21,office@minskstroy.by,,B,собран
Минскпромстрой,Девелопмент / строительство,minskpromstroy.by,Коммерческий директор / директор по маркетингу,+375 17 373-85-73; +375 29 370-47-13; +375 17 395-15-86; +375 17 395-52-69; +375 17 374-40-26; +375 17 364-45-93; +375 17 373-65-84,info@minskpromstroy.by,,B,собран
А-100 Девелопмент,Девелопмент / строительство,a-100development.by,Коммерческий директор / директор по маркетингу,+375 17 233-33-33; +375 29 623-33-33; +375 29 773-30-33; +375 29 300-00-00,marketing.dev@a-100.by; a-100@a-100.by,,B,собран
Dana Holdings,Девелопмент / строительство,dana-holdings.com,Коммерческий директор / директор по маркетингу,+375 17 269-32-90; +375 17 393-94-65; +375 800 1100 06 06,,,B,частично
Svitland Development,Девелопмент / строительство,svitland.com,Коммерческий директор / директор по маркетингу,+375 44 766-63-33,office.minsk@svitland.com,,B,собран
NVV Group,Девелопмент / строительство,nvv-group.by,Коммерческий директор / директор по маркетингу,+375 17 289-55-45; +375 17 289-55-10; +375 29 692-48-16; +375 33 601-64-23,,,B,частично
VIVA Invest,Девелопмент / строительство,vivainvest.by,Коммерческий директор / директор по маркетингу,+375 17 270-27-02; +375 29 190-79-06,info@vivainvest.by,,B,собран
Савушкин продукт,Пищевая промышленность,savushkin.by,Директор по операциям / IT-директор,+375 162 47-06-24; +375 162 47-07-81; +375 162 47-07-77; +375 162 30-49-31; +375 44 745-67-83; +375 232 73-92-90; +375 212 61-88-04; +375 222 47-68-96,info@savushkin.by; prod@savushkin.by; ingredients@savushkin.com,,B,собран
Бабушкина крынка,Пищевая промышленность,babushkina.by,Директор по операциям / IT-директор,+375 222 79-20-00; +375 222 79-20-01; +375 222 79-20-10; +375 222 79-20-40; +375 222 79-20-41; +375 222 79-20-42; +375 222 79-20-43; +375 222 79-20-31; +375 2231 7-99-42,inbox@babushkina.by,,B,собран
Слуцкий сыродельный комбинат,Пищевая промышленность,slsk.by,Директор по операциям / IT-директор,+375 1795 5-55-02; +375 1795 4-07-36; +375 174 28-26-03; +375 1794 6-85-77; +375 17 936-94-62,info@slsk.by,,B,собран
Молочный мир,Пищевая промышленность,milk.by,Директор по операциям / IT-директор,+375 152 45-39-01; +375 152 43-01-72; +375 152 45-39-56; +375 152 45-39-02; +375 152 45-39-42; +375 152 45-39-03; +375 152 45-39-04; +375 29 117-99-99; +375 29 289-99-99; +375 29 698-72-07; +375 1563 6-47-44; +375 1514 20-4-03; +375 232 53-14-86; +375 232 53-14-89,info@milk.by; director@milk.by; sales@milk.by; olip@milk.by,,B,собран
Беллакт,Пищевая промышленность,bellakt.com,Директор по операциям / IT-директор,+375 1512 5-26-25; +375 1512 5-26-33; +375 1512 5-27-22; +375 1512 7-50-25; +375 1512 7-50-26; +375 1512 7-50-50; +375 1512 7-50-60; +375 1512 7-50-58,bellakt@bellakt.com,,B,собран
Глубокский молочноконсервный комбинат,Пищевая промышленность,glmkk.by,Директор по операциям / IT-директор,+375 2156 2-42-63; +375 2156 2-50-87; +375 2156 5-49-39,glmkk@mail.ru; info@glmkk.by,,B,собран
Полоцкий молочный комбинат,Пищевая промышленность,polotskmilk.by,Директор по операциям / IT-директор,+375 214 43-11-20; +375 214 43-95-21; +375 214 42-74-47,polotskmilk@mail.ru,,B,собран
Березовский сыродельный комбинат,Пищевая промышленность,cheese.by,Директор по операциям / IT-директор,+375 1643 2-23-21; +375 1643 6-79-69; +375 1643 4-50-50,info@cheese.by; plant@cheese.by,,B,собран
Березовский мясоконсервный комбинат,Пищевая промышленность,meat.by,Директор по операциям / IT-директор,+375 1643 9-11-11; +375 1643 9-12-91; +375 1643 3-98-11; +375 1643 3-98-65; +375 1643 9-11-78; +375 1643 9-11-59; +375 1643 9-11-62; +375 1643 9-50-87; +375 1643 9-11-40; +375 1643 9-11-76; +375 1643 3-98-08; +375 1643 9-12-12,bmkk@meat.by; market@meat.by,,B,собран
Оршанский мясоконсервный комбинат,Пищевая промышленность,omkk.by,Директор по операциям / IT-директор,+375 216 53-23-01; +375 216 53-00-11; +375 216 53-24-01; +375 216 53-48-75; +375 216 53-12-18; +375 216 53-45-56; +375 216 53-14-75; +375 216 50-70-01; +375 216 54-89-49; +375 216 50-70-02; +375 216 50-70-22,info@omkk.by,,B,собран
Минский мясокомбинат,Пищевая промышленность,mmk.by,Директор по операциям / IT-директор,+375 17 272-66-63; +375 17 398-66-63; +375 17 212-65-23; +375 17 398-56-17; +375 17 398-68-15; +375 17 398-69-17; +375 17 398-09-57; +375 17 278-69-07,market@mmk.by; priem-mmk@mail.ru,,B,собран
Гродненский мясокомбинат,Пищевая промышленность,grodnomk.by,Директор по операциям / IT-директор,+375 152 43-01-60; +375 152 43-03-61; +375 152 48-08-43; +375 152 48-08-46; +375 152 48-44-93; +375 152 48-75-25; +375 152 48-75-26; +375 152 41-34-63; +375 152 43-09-92,info@grodnomk.by; meatcom@mail.ru,,B,собран
Спартак,Пищевая промышленность,spartak.by,Директор по операциям / директор по маркетингу,+375 232 69-07-01; +375 232 69-07-02; +375 232 69-07-03; +375 232 69-07-22; +375 232 30-44-67; +375 232 30-44-95; +375 232 30-15-59; +375 232 30-44-45; +375 17 377-50-51,info@spartak.by; sbyt@spartak.by,,B,собран
Коммунарка,Пищевая промышленность,kommunarka.by,Директор по операциям / директор по маркетингу,+375 17 238-63-14; +375 17 378-45-74; +375 17 364-45-75; +375 17 272-65-77; +375 17 229-27-22; +375 17 272-00-27; +375 17 229-27-98,office@kommunarka.by; sales@kommunarka.by,,B,собран
Красный пищевик,Пищевая промышленность,zefir.by,Директор по операциям / директор по маркетингу,+375 225 43-68-28; +375 225 43-67-81; +375 225 43-67-83,kp@zefir.by; market@zefir.by,,B,собран
Слодыч,Пищевая промышленность,slodych.by,Директор по операциям / директор по маркетингу,+375 17 355-15-30; +375 17 357-97-29; +375 17 230-82-08; +375 17 230-64-59; +375 17 230-80-07; +375 17 230-80-06; +375 17 230-63-69; +375 17 230-62-07,info@slodych.by,,B,собран
БНБК,Пищевая промышленность / АПК,bnbc.by,Директор по операциям / IT-директор,+375 17 555-40-52; +375 17 555-40-51; +375 33 341-61-51,info@bnbc.by,,B,собран
Аливария,Напитки,alivaria.by,Директор по маркетингу / IT-директор,+375 17 239-58-01; +375 17 239-58-02; +375 17 239-58-36,info@alivaria.by,,B,собран
Криница,Напитки,krinitsa.by,Директор по маркетингу / IT-директор,+375 17 299-22-22; +375 17 299-22-78; +375 17 299-22-13; +375 17 299-22-11; +375 17 299-23-63; +375 17 299-23-58; +375 17 299-23-64; +375 17 299-23-00; +375 17 299-22-64,info@krinitsa.by,,B,собран
Лидское пиво,Напитки,lidskae.by,Директор по маркетингу / IT-директор,+375 154 53-53-01; +375 154 53-53-03; +375 17 221-43-45,lidski.brovar@lidskae.by,,B,собран
Минск Кристалл,Напитки,kristal.by,Директор по маркетингу / IT-директор,+375 17 327-44-69; +375 17 364-44-69; +375 17 361-12-08; +375 17 235-03-68,glp@kristal.by; office@alcotrade.by,,B,собран
Серволюкс,АПК,servolux.com,Директор по операциям / IT-директор,+375 29 747-37-00; 8 801 205 7777; +375 29 789-33-48; +7 495 651-61-06,office@servolux.com; feedback@servolux.com; commerce@servolux.by,,B,собран
Агрокомбинат Дзержинский,АПК,akd.by,Директор по операциям / IT-директор,+375 1716 2-18-18; +375 17 555-31-98; +375 17 504-84-87; +375 1716 7-37-74; +375 1716 7-34-64,info@agro.akd.by,,B,собран
Агрокомбинат Снов,АПК,snov.by,Директор по операциям / IT-директор,+375 1770 5-61-87; +375 1770 5-00-77; +375 1770 5-66-96; +375 1770 5-51-94; +375 29 606-56-01,agrocomplex@snov.by; sbytsnov@mail.ru,,B,собран
Молочная правда,АПК,rmkk.by,Директор по операциям / IT-директор,+375 2339 3-83-66; +375 2339 3-82-34; +375 2339 3-83-72; +375 2339 2-54-51; +375 2339 2-71-92; +375 2339 2-71-83; +375 2339 2-71-75; +375 2339 2-54-24; +375 2339 3-83-23,office@rmkk.by,,B,собран
Витебская бройлерная птицефабрика,АПК,ganna.by,Директор по операциям / IT-директор,+375 212 35-04-50; +375 212 35-04-19; +375 212 35-04-05; +375 212 69-22-77; +375 212 35-04-54; +375 212 67-01-27,dogovor_sbyt@ganna.by; logistika@ganna.by,,B,собран
Солигорская птицефабрика,АПК,molodeckie.by,Директор по операциям / IT-директор,+375 174 27-75-16,office@solptf.by,,B,собран
Агрохолдинг Купаловское,АПК,kupalovskoeoao.ibiz.by,Директор по операциям / IT-директор,,,,B,не найден
Conte (Конте Спа),Лёгкая промышленность,conte.by,Коммерческий директор / IT-директор,+375 152 50-96-00; +375 152 50-95-41; +375 17 387-03-89; +375 152 45-10-89; +375 152 45-10-90; +375 162 46-14-70; +375 162 46-33-31; +375 212 60-50-55; +375 232 41-00-15; +375 232 41-74-76; +375 222 72-32-18; +375 222 72-32-19,mainoffice@conte.by; hr@conte.by; export@conte.by; marketing@conte.by; market@conte.by,,B,собран
Mark Formelle,Лёгкая промышленность,markformelle.by,Коммерческий директор / IT-директор,+375 17 500-99-00; +375 17 500-99-31; +375 17 500-99-16; +375 17 500-99-10; +375 29 500-90-00; +375 29 103-04-99,shop@markformelle.by; info@markformelle.by,,B,собран
Милавица,Лёгкая промышленность,milavitsa.com,Коммерческий директор / IT-директор,+375 17 379-07-70; +375 17 287-08-55; +375 17 287-08-89; +375 17 287-08-87; +375 29 832-88-62,office@milavitsa.by; sales@milavitsa.by,,B,собран
Оршанский льнокомбинат,Лёгкая промышленность,linenmill.by,Коммерческий директор / IT-директор,+375 216 53-22-10; +375 216 53-05-74; +375 216 53-16-51; +375 216 53-36-99; +375 216 53-07-56; +375 216 53-28-38,info@linenmill.by; flax@linenmill.by; orsha@linenmill.by,,B,собран
Моготекс,Лёгкая промышленность,mogotex.com,Коммерческий директор / IT-директор,+375 222 73-13-12; +375 222 73-86-76; +375 222 73-86-20; +375 222 73-71-04; +375 222 73-72-20,mogotex@mogilev.by,,B,собран
Витебские ковры,Лёгкая промышленность,vitcarpet.com,Коммерческий директор / IT-директор,+375 212 34-33-02; +375 212 37-46-84; +375 212 37-46-60; +375 212 37-46-12; +375 212 37-46-56; +375 212 37-46-61; +375 212 37-46-08,priemnaya@vitcarpet.com; marketing@vitcarpet.com; vitcarpettex@vitcarpet.com; jurist@vitcarpet.com; ok@vitcarpet.com,,B,собран
Барановичское ПХБО,Лёгкая промышленность,bpho.by,Коммерческий директор / IT-директор,+375 163 64-13-13; +375 163 47-52-57; +375 163 64-07-61; +375 163 64-07-54; +375 163 60-40-16; +375 163 47-75-81; +375 163 64-05-10,export@blakit.by,,B,собран
Полесье,Лёгкая промышленность,polesie.by,Коммерческий директор / IT-директор,+375 165 63-16-22; +375 165 63-16-32; +375 165 62-29-05; +375 165 62-19-66; +375 165 66-35-93; +375 165 62-74-41,info@polesie.by,,B,собран
Слонимская камвольно-прядильная фабрика,Лёгкая промышленность,skpf.by,Коммерческий директор / IT-директор,+375 1562 2-10-21; +375 1562 2-50-81,mail@skpf.by,,B,собран
Камволь,Лёгкая промышленность,kamvol.by,Коммерческий директор / IT-директор,+375 17 221-20-21; +375 17 221-84-40; +375 17 223-84-40; +375 17 276-11-27,filial_tps@kamvol.by,,B,собран
Коминтерн,Лёгкая промышленность,comintern.by,Коммерческий директор / IT-директор,+375 232 33-19-76; +375 232 33-92-42; +375 232 70-41-89; +375 232 35-87-06,comintern@comintern.by; marketing@comintern.by,,B,собран
Славянка,Лёгкая промышленность,slavianka.by,Коммерческий директор / IT-директор,+375 225 70-84-66; +375 225 70-79-72; +375 225 70-79-64,info@slavianka.by,,B,собран
Свiтанак,Лёгкая промышленность,svitanak.by,Коммерческий директор / IT-директор,+375 1775 3-36-20; +375 1775 7-03-73; +375 1775 7-01-58; +375 1775 7-01-59; +375 1775 7-01-68; +375 1775 7-01-74; +375 1775 7-01-61; +375 1775 7-02-72,office@svitanak.by; market-bel@svitanak.by; market-rus@svitanak.by; veddep@svitanak.by,,B,собран
Брестский чулочный комбинат,Лёгкая промышленность,bchk.by,Коммерческий директор / IT-директор,+375 162 46-34-89; +375 162 44-31-04; +375 162 51-71-98; +375 162 59-78-89,office@bchk.by; marketing@bchk.by,,B,собран
Лента (ОАО),Лёгкая промышленность,lentabel.by,Коммерческий директор / IT-директор,+375 222 22-63-38; +375 222 22-38-51; +375 222 31-07-17; +375 222 31-02-67; +375 222 25-30-20; +375 222 22-81-82; +375 222 22-80-44,lenta@mogilev.by,,B,собран
Лидская обувная фабрика,Лёгкая промышленность,lidashoes.by,Коммерческий директор / IT-директор,+375 154 61-01-33; +375 154 53-20-41; +375 154 61-03-89; +375 154 61-01-18; +375 154 53-12-57,info@lidashoes.by; lsf11@lidashoes.by; lsf22@lidashoes.by,,B,собран
Галантэя,Лёгкая промышленность,galanteya.by,Коммерческий директор / IT-директор,+375 17 311-26-37; +375 17 226-43-10; +375 17 311-26-21; +375 17 311-26-05; +375 17 311-26-20,info@galanteya.by,,B,собран
Белвест,Лёгкая промышленность,belwest.by,Коммерческий директор / IT-директор,+375 17 292-62-59; +375 212 49-11-88,hotline@belwest.com; sales@belwest.com; franchise@belwest.com; priem@belwest.com; market@belwest.com,,B,собран
Марко,Лёгкая промышленность,marko.by,Коммерческий директор / IT-директор,+375 212 48-18-18; +375 212 48-18-42; +375 212 48-18-48; +375 212 48-18-49; +375 212 48-18-38; +375 212 48-18-04; +375 212 48-18-56; +375 212 48-18-34; +375 212 48-18-58,post@marko.by; opt@marko.by,,B,собран
Элема,Лёгкая промышленность,elema.by,Коммерческий директор / IT-директор,+375 17 223-73-09; +375 17 349-02-33; +375 17 349-02-26; +375 17 349-02-34; +375 17 349-02-32; +375 17 349-02-50; +375 17 349-02-44; +375 17 349-02-15; +375 17 397-74-04,commercial@elema.by; elema@elema.by,,B,собран
8 Марта,Лёгкая промышленность,8marta.org,Коммерческий директор / IT-директор,+375 232 33-67-45; +375 232 34-39-51; +375 232 34-38-13; +375 232 34-39-86; +375 232 30-13-68,priemnaya@oao8marta.by,,B,собран
Купалинка,Лёгкая промышленность,kupalinka.by,Коммерческий директор / IT-директор,+375 174 33-18-69; +375 174 33-17-69; +375 174 33-18-90; +375 174 33-18-76; +375 29 700-56-96,sale@kupalinka.com; kupalinka@kupalinka.com,,B,собран
Пинскдрев,Мебель / деревообработка,pinskdrev.by,Коммерческий директор / директор по маркетингу,+375 29 605-57-57; +375 44 750-74-60; +375 165 64-99-61; +375 165 65-11-42; +375 165 36-61-31; +375 165 31-65-12; +375 165 64-78-99; +375 165 34-32-83; +375 165 65-16-40,box@pinskdrev.by; plywood@pinskdrev.by; sbytdsp@pinskdrev.by; promotion@pinskdrev.by; marketing@pinskdrev.by,,B,собран
Гомельдрев,Мебель / деревообработка,gomeldrev.by,Коммерческий директор / директор по маркетингу,+375 232 25-73-21; +375 232 25-73-24; +375 232 25-73-34; +375 232 25-74-03; +375 232 25-65-71; +375 232 25-82-38; +375 232 25-82-48; +375 29 337-37-16; +375 44 550-40-00; +375 17 551-62-00; +375 29 605-57-57; +375 33 640-21-21; +375 29 341-31-21,info@gomeldrev.by,,B,собран
Речицадрев,Мебель / деревообработка,rechdrev.by,Коммерческий директор / директор по маркетингу,+375 2340 6-22-70; +375 29 170-44-44; +375 29 193-70-07; +375 2340 9-82-00; +375 2340 7-18-67,info@rechdrev.by; shestaeva.s@rechdrev.by,,B,собран
Молодечномебель,Мебель / деревообработка,molodechnomebel.by,Коммерческий директор / директор по маркетингу,+375 176 58-05-88; +375 176 54-62-30; +375 176 73-01-75; +375 176 58-05-09; +375 176 58-05-08; +375 176 54-62-23; +375 176 58-02-68; +375 176 58-05-71,info@molodechnomebel.by; sbit@molodechnomebel.by,,B,собран
КМК-мебель,Мебель / деревообработка,mebel-kmk.by,Коммерческий директор / директор по маркетингу,+375 2345 4-71-74; +375 2345 2-44-12; +375 2345 2-44-10; +375 2345 2-44-45; +375 2345 2-44-65; +375 29 192-86-80; +375 44 708-01-84; +375 44 794-92-40; +375 44 700-35-59; +375 44 758-75-55,omis@mebel-kmk.by,,B,собран
Гомельская мебельная фабрика Прогресс,Мебель / деревообработка,progres.gomel.by,Коммерческий директор / директор по маркетингу,+375 232 34-07-65; +375 232 34-31-54; +375 232 34-99-37,gmf@progres.gomel.by; market@progres.gomel.by,https://www.facebook.com/progress.gomel/,B,собран
ФанДОК,Мебель / деревообработка,fandok.com,Коммерческий директор / директор по маркетингу,+375 225 74-50-00; +375 225 77-24-24; +375 225 72-39-70; +375 225 43-58-31; +375 29 370-68-30; +375 225 43-60-06; +375 225 43-59-00; +375 225 66-91-81; +375 44 703-23-50,info@fandok.com,,B,собран
Ивацевичдрев,Мебель / деревообработка,idrev.by,Коммерческий директор / директор по маркетингу,+375 1645 3-53-61; +375 1645 3-56-52; +375 44 588-37-20; +375 1645 3-56-54; +375 1645 3-56-80; +375 1645 3-56-28; +375 1645 3-56-12,info@idrev.by; sales@mystar.by; fsd@idrev.by; supply@idrev.by; marketing@idrev.by,,B,собран
Витебскдрев,Мебель / деревообработка,vitebskdrev.com,Коммерческий директор / директор по маркетингу,+375 212 37-49-77; +375 212 37-49-73; +375 212 37-49-24; +375 212 37-49-23; +375 212 37-49-03; +375 212 37-49-74; +375 212 37-49-34,drev@vitebsk.by,,B,собран
Лагуна,Мебель / деревообработка,laguna.by,Коммерческий директор / директор по маркетингу,+375 163 42-14-09; +375 163 64-41-33; +375 163 42-42-89; +375 163 42-15-64; +375 163 47-91-91; +375 163 42-30-79; +375 163 42-48-34; +375 163 45-61-81; +375 163 42-42-02; +375 163 40-17-16,info@laguna.by,,B,собран
ZOV,Мебель / деревообработка,optimazov.by,Коммерческий директор / директор по маркетингу,+375 44 715-22-22; +375 152 79-90-04; +375 152 55-01-01; +375 29 860-00-02; 7074,info@zov.by,,B,собран
Белмедпрепараты,Фармацевтика,belmedpreparaty.com,Директор по операциям / директор по качеству,+375 17 278-33-12; +375 17 228-10-12; +375 17 216-22-02; +375 17 216-28-41; +375 17 374-37-39; +375 17 216-20-97; +375 17 207-83-22,medic@belmedpreparaty.com; okk@belmedpreparaty.com,,B,собран
Борисовский завод медпрепаратов (Borimed),Фармацевтика,borimed.com,Директор по операциям / директор по качеству,+375 17 773-22-61; +375 17 773-40-43; +375 17 767-19-96,borimed@borimed.com; oiz@borimed.com,,B,собран
Лекфарм,Фармацевтика,lekpharm.by,Директор по операциям / директор по качеству,+375 1774 53-800; +375 44 794-01-30,office@lekpharm.by; sideeff@lekpharm.by,,B,собран
Фармтехнология,Фармацевтика,ft.by,Директор по операциям / директор по качеству,+375 17 309-44-00; +375 17 309-44-09,ft@ft.by,,B,собран
Фармлэнд,Фармацевтика,pharmland.by,Директор по операциям / директор по качеству,+375 17 262-49-94; +375 17 373-31-90; +375 1770 5-52-31; +375 1770 5-52-32; +375 1770 5-53-58,mail@pharmland.by,,B,собран
Минскинтеркапс,Фармацевтика,mic.by,Директор по операциям / директор по качеству,+375 17 344-56-23; +375 17 322-28-34; +375 17 276-01-52; +375 44 511-26-90,info@mic.by; kadry@mic.by,,B,собран
Несвижский завод медпрепаратов,Фармацевтика,nzmp.net,Директор по операциям / директор по качеству,+375 1770 62-001; +375 1770 6-20-22; +375 1770 6-20-05; +375 1770 6-20-47,priem@nzmp.net; legal@nzmp.net,,B,собран
НПК Биотест,Фармацевтика,biotest.by,Директор по операциям / директор по качеству,+375 29 640-76-40; +375 152 96-71-46,info@biotest.by,,B,собран
Экзон,Фармацевтика,ekzon.by,Директор по операциям / директор по качеству,+375 1644 2-00-04; +375 1644 2-00-02; +375 1644 5-93-29; +375 1644 5-93-16; +375 1644 3-07-37,bm@ekzon.by; director@ekzon.by,,B,собран
ЛОДЭ,Медицина,lode.by,Операционный директор / IT-директор,+375 17 293-98-00; +375 29 638-30-03; +375 29 270-10-03; 111,minskz@mail.lode.by,,B,собран
Нордин,Медицина,nordin.by,Операционный директор / IT-директор,+375 17 296-62-72; +375 44 506-01-59; +375 25 607-01-59; +375 33 607-01-59; +375 29 222-21-59; 159,info@nordin.by; marketing@nordin.by,,B,собран
Экомедсервис,Медицина,ems.by,Операционный директор / IT-директор,+375 17 249-74-74; +375 17 207-74-74; +375 29 160-03-03; 160,info@ems.by,,B,собран
Доктор Профи,Медицина,doctorprofi.by,Операционный директор / IT-директор,+375 17 270-01-06; +375 17 270-01-08; +375 29 323-75-03; +375 29 838-75-03; +375 25 500-10-58,registry@doctorprofi.by,,B,собран
Евроторг (Евроопт),Ритейл,evroopt.by,Директор по маркетингу / e-commerce директор,+375 17 289-00-00; +375 17 212-70-97; +375 17 278-80-01,info@eurotorg.by,,A,собран
Доброном,Ритейл,dobronom.by,Директор по маркетингу / e-commerce директор,+375 17 235-99-66; +375 17 362-98-76; +375 29 144-70-00,info@dobronom.by,,A,собран
Санта Ритейл,Ритейл,santaretail.by,Директор по маркетингу / e-commerce директор,+375 162 30-14-00; +375 16 229-01-00; +375 17 388-14-85; +375 29 388-87-68,info@santaretail.by,,A,собран
Корона (Табак-инвест),Ритейл,korona.by,Директор по маркетингу / e-commerce директор,+375 17 309-54-50; +375 17 373-52-19; +375 17 269-64-64; +375 162 25-94-80; +375 212 54-05-03; +375 212 62-23-49; +375 17 207-14-04; +375 17 207-16-00; +375 17 207-16-05; +375 29 611-26-49,tabak@tabak-invest.by; arenda@korona.by,,A,собран
Гиппо,Ритейл,gippo.by,Директор по маркетингу / e-commerce директор,+375 29 533-65-33; +375 29 133-32-53; +375 17 207-50-40; +375 17 378-50-40,bwd@willesden.by; reklama@willesden.by; sb@willesden.by; arenda@willesden.by,,A,собран
Виталюр,Ритейл,vitalur.by,Директор по маркетингу / e-commerce директор,+375 17 243-06-60; +375 17 397-70-60; +375 17 326-06-76; +375 17 366-83-10; +375 222 62-98-21,vitalur@vitalur.by; opt-mogilev@vitalur.by,,A,собран
Соседи,Ритейл,sosedi.by,Директор по маркетингу / e-commerce директор,+375 29 382-66-00; +375 33 382-66-00; +375 17 334-82-33; +375 17 209-67-99; +375 17 250-64-26; +375 17 201-58-73,info@sosedi.by,,A,собран
Мила,Ритейл,mila.by,Директор по маркетингу / e-commerce директор,+375 29 373-00-88; +375 33 373-00-88; +375 29 143-02-02,shop@mila.by; info@mila.by; or@mila.by; km@mila.by,,A,собран
Остров чистоты,Ритейл,ostrov-chistoty.by,Директор по маркетингу / e-commerce директор,+375 17 270-24-42; +375 29 659-00-45; +375 29 192-41-73; +375 29 693-64-69; +375 29 632-28-35,info@ostrov-chistoty.by; zakupki@ostrov-chistoty.by; logist@ostrov-chistoty.by; snab@ostrov-chistoty.by,,A,собран
Рублёвский,Ритейл,rublevski.by,Директор по маркетингу / e-commerce директор,+375 17 284-67-88; +375 17 284-78-64; +375 232 54-96-03,partner@rublevski.by,,A,собран
5 элемент,Ритейл,5element.by,Директор по маркетингу / e-commerce директор,+375 17 359-59-59; 275; +375 29 570-07-00; +375 44 570-07-00; +375 25 670-07-00,275@5element.by,,A,собран
ОМА,Ритейл,oma.by,Директор по маркетингу / e-commerce директор,+375 17 330-10-10; 536-45-00; +375 29 787-36-26; +375 29 183-55-80; +375 29 823-08-23; +375 29 645-06-28; +375 29 715-88-05; +375 29 613-88-03; +375 29 616-70-39,info@oma.by; grodno@oma.by; brest@oma.by; vitebsk@oma.by; gomel@oma.by,,A,собран
Green,Ритейл,green-market.by,Директор по маркетингу / e-commerce директор,+375 44 560-60-61; +375 17 362-34-48; +375 17 362-17-60; +375 17 235-37-44,callcenter@green-market.by,,A,собран
21vek.by,E-commerce,21vek.by,Директор по продукту / директор по маркетингу,+375 17 302-10-21; +375 29 302-10-21; +375 33 302-10-21; +375 25 502-10-21,info@21vek.by; beznal@21vek.by; opt@21vek.by,,B,собран
Oz.by,E-commerce,oz.by,Директор по продукту / директор по маркетингу,+375 29 695-25-25,oz@oz.by; android.support@ozalliance.by,,B,собран
Onliner,E-commerce,onliner.by,Директор по продукту / директор по маркетингу,+375 17 270-13-30,editor@onliner.by; info@onliner.by; ga@onliner.by,,B,собран
Kufar,E-commerce,kufar.by,Директор по продукту / директор по маркетингу,+375 44 793-00-34; +375 33 732-83-37,marketing@kufar.by; customerservice@kufar.by,,B,собран
Deal.by,E-commerce,deal.by,Директор по продукту / директор по маркетингу,+375 17 215-02-24,hello@deal.by,,B,собран
Shop.by,E-commerce,shop.by,Директор по продукту / директор по маркетингу,+375 29 145-77-45,info@shop.by; admin@shop.by; moderator@shop.by,,B,собран
Tomas.by,E-commerce,tomas.by,Директор по продукту / директор по маркетингу,+375 17 382-00-62; +375 740 740-97-40,,,B,частично
UniShop.by,E-commerce,unishop.by,Директор по продукту / директор по маркетингу,,,,B,не найден
av.by,E-commerce,av.by,Директор по продукту / директор по маркетингу,+375 29 505-77-77; +375 29 693-77-77,support@av.by,,B,собран
realt.by,E-commerce,realt.by,Директор по продукту / директор по маркетингу,+375 17 388-25-25; +375 29 306-44-55; +375 33 300-44-55; +375 25 506-44-55; +375 44 777-22-22; +375 25 912-05-89,marketing@realt.by; help@realt.by; al@realt.by,,B,собран
Белинтертранс-ТЛЦ БЖД,Логистика,belint.by,Директор по операциям / IT-директор,+375 17 225-82-60; +375 17 225-30-30; +375 17 225-84-25; +375 17 225-84-48; +375 17 225-82-22; +375 162 26-36-69; +375 232 95-24-94; +375 232 34-53-27; +375 222 64-90-42; +375 29 625-30-30,priem_minsk@belint.by; marketing@belint.by; marketing_tlc@belint.by; brest@belint.by; gomel@belint.by; mogilev@belint.by,,B,собран
Белтаможсервис,Логистика,declarant.by,Директор по операциям / IT-директор,197; +375 17 275-57-88; +375 17 500-17-01; +375 162 500-180; +375 212 36-43-39; +375 232 49-21-02; +375 152 71-50-71; +375 222 79-93-23,office@btslogistics.by; office@minsk.declarant.by; office@brest.declarant.by; bts@grodno.declarant.by; postmaster@mogilev.declarant.by,,B,собран
Krafttrans,Логистика,krafttrans.by,Директор по операциям / IT-директор,+375 17 399-10-10,info@krafttrans.com,,B,собран
Европочта,Логистика,evropochta.by,Директор по операциям / IT-директор,+375 44 535-36-36; +375 25 535-36-36; +375 29 535-36-36,postcar@evropochta.by; arenda@e-dostavka.by,,B,собран
Белавиа,Транспорт,belavia.by,Директор по клиентскому сервису / IT-директор,+375 17 220-25-55,support@belavia.by;info@belavia.by,,B,собран
Белорусская железная дорога,Транспорт,rw.by,Директор по клиентскому сервису / IT-директор,+375 17 225-46-95; +375 17 225-10-02; +375 17 225-41-92; 105; 151,brail@rw.by,,B,собран
Белпочта,Транспорт,belpost.by,Директор по клиентскому сервису / IT-директор,+375 17 293-59-10; +375 17 200-04-06; 154; +375 44 5900-154; +375 33 3000-154,office@belpost.by,https://www.instagram.com/belpostby/; https://www.facebook.com/belpost.by/,B,собран
Минсктранс,Транспорт,minsktrans.by,Директор по клиентскому сервису / IT-директор,+375 17 219-86-01; +375 17 375-99-50; +375 17 246-97-47; +375 17 375-94-84,info@minsktrans.by,,B,собран
Национальный аэропорт Минск,Транспорт,airport.by,Директор по клиентскому сервису / IT-директор,+375 17 279-14-36; +375 17 279-13-00; +375 17 279-17-30; +375 17 279-21-71; +375 17 279-10-53; +375 17 279-17-68; 211,info@airport.by;quality@airport.by,,B,собран
AMDG (Artox Media Digital Group),Реклама / маркетинг,amdg.by,Управляющий / директор по развитию,+375 17 388-72-73; +375 17 336-62-00,info@artox-media.by;zakaz@artox-media.by,,B,собран
Webmart,Реклама / маркетинг,webmart.by,Управляющий / директор по развитию,+375 29 182-82-75,ad@webmart.by,,B,собран
Линк Медиа,Реклама / маркетинг,link-media.by,Управляющий / директор по развитию,+375 29 870-26-55,mail@link-media.by,,B,собран
АТИБ,Реклама / маркетинг,atib.by,Управляющий / директор по развитию,+375 29 305-47-00,info@atib.by,https://www.instagram.com/atib_by/,B,собран
Мегаполис Медиа,Реклама / маркетинг,megapolis-reklama.by,Управляющий / директор по развитию,+375 17 336-43-64; +375 33 642-04-20; +375 29 623-30-00,info@megapolis.info,https://www.instagram.com/megapolis.media/; https://www.facebook.com/media.megapolis/; https://vk.com/megapolis.media,B,собран
Whale Studio,Реклама / маркетинг,whale.by,Управляющий / директор по развитию,+375 29 624-28-24,info@whale.by;hello@whale.by,https://www.facebook.com/we.whale.by/,B,собран
Nambawan,Реклама / маркетинг,nambawan.by,Управляющий / директор по развитию,+375 29 390-56-65,zakaz@silverweb.by,,B,собран
OCTOPANCE,Реклама / маркетинг,octopance.com,Управляющий / директор по развитию,+375 44 583-82-52,info@octopance.com,,B,собран
Segmentsoft,Реклама / маркетинг,segmentsoft.by,Управляющий / директор по развитию,+375 29 275-91-30,hello@segmentsoft.by,,B,собран
Qmedia,Реклама / маркетинг,qmedia.by,Управляющий / директор по развитию,+375 29 335-23-23,sales@qmedia.by,,B,собран
SCAND,IT,scand.by,Директор по развитию / CTO,+375 17 218-33-19; +375 17 256-08-77,job@scand.by;info@scand.com,,B,собран
SoftTeco,IT,softteco.com,Директор по развитию / CTO,+375 17 241-90-25,minsk@softteco.com,,B,собран
Aristek Systems,IT,aristeksystems.com,Директор по развитию / CTO,+375 29 744-23-52,sales@aristeksystems.com,,B,собран
Bamboo Agile,IT,bambooagile.eu,Директор по развитию / CTO,+375 17 239-06-00; +375 17 239-06-01; +375 17 239-06-08; +375 29 507-61-11; +375 44 712-18-25,contact@bamboogroup.eu;contact@bambooagile.eu,https://ee.linkedin.com/company/bambooagile,B,собран
Melsoft Games,IT,melsoft-games.com,Директор по развитию / CTO,+375 17 264-24-09; +375 17 290-83-60,info@melsoft-games.com,https://ru-ru.facebook.com/MelsoftGames/,B,собран
SumatoSoft,IT,sumatosoft.com,Директор по развитию / CTO,+375 17 373-69-11,info@sumatosoft.com,,B,собран
Oxagile,IT,oxagile.com,Директор по развитию / CTO,+375 17 372-68-34; +375 17 374-88-34,contact@oxagile.by;contact@oxagile.com,,B,собран
Belitsoft,IT,belitsoft.com,Директор по развитию / CTO,+375 25 694-36-77,info@belitsoft.com,,B,собран
HQSoftware,IT,hqsoftwarelab.com,Директор по развитию / CTO,+375 17 203-46-14; +375 29 911-81-91,hr@hqsoftwarelab.com;team@hqsoftwarelab.com,https://ru.linkedin.com/company/hq-software,B,собран
ITRex Group,IT,itrexgroup.com,Директор по развитию / CTO,+375 17 218-33-56,hello@itrexgroup.com,https://www.facebook.com/itrexgroup/,B,собран
Innowise Group,IT,innowise-group.com,Директор по развитию / CTO,+375 29 548-34-11; +375 29 371-73-45; +375 29 104-33-27,contact@innowise-group.com,,B,собран
IntexSoft,IT,intexsoft.com,Директор по развитию / CTO,+375 152 96-43-72,contact@intexsoft.by; contact@intexsoft.com,,B,собран
Exadel,IT,exadel.com,Директор по развитию / CTO,+375 17 377-17-60,minsk@exadel.com; hire_now@exadel.com,,B,собран
LeverX,IT,leverx.com,Директор по развитию / CTO,+375 17 252-22-00,contact-leverx@leverx.com; marketing@leverx.com; hrpr@leverx.com; media@leverx.com; compliance@leverx.com,,B,собран
VironIT,IT,vironit.com,Директор по развитию / CTO,+375 17 336-53-06,info@vironit.ru,,B,собран
SENLA,IT,senlainc.com,Директор по развитию / CTO,+375 29 988-14-01,info@senlainc.com; marketing@senlainc.com; sales-uk@senlainc.com,,B,собран
Solbeg,IT,solbeg.com,Директор по развитию / CTO,+375 17 373-69-11; +375 17 261-15-08; +375 29 662-66-54,info@solbeg.com; business@solbeg.com,,B,собран
Qulix Systems,IT,qulix.com,Директор по развитию / CTO,+375 17 306-38-68,request@qulix.com; info@qulix.com,,B,собран
Digiteum,IT,digiteum.com,Директор по развитию / CTO,+375 17 288-60-05,hello@digiteum.com,,B,собран
EnCata,IT,encata.net,Директор по развитию / CTO,+375 17 246-44-70; +375 29 664-05-42,ask@encata.net,,B,собран
EffectiveSoft,IT,effectivesoft.com,Директор по развитию / CTO,+375 17 342-01-37,sales@effectivesoft.com; hrm@effective-soft.com,,B,собран
SLAM,IT,slam.by,Директор по развитию / CTO,+375 44 564-45-64; +375 44 711-94-32,info@slam.by; hr@slam.by; buh@slam.by,,B,собран
Promwad,IT,promwad.com,Директор по развитию / CTO,+375 17 312-12-46,info@promwad.com,,B,собран
ActiveCloud,IT,activecloud.by,Директор по развитию / CTO,+375 17 308-22-00,contact@activecloud.by; hr@activecloud.by,,B,собран
Hoster.by,IT,hoster.by,Директор по развитию / CTO,+375 17 239-57-02; +375 29 604-57-02; +375 33 604-57-02; +375 25 604-57-02,info@hoster.by; support@hoster.by,,B,собран
Bell Integrator,IT,bellintegrator.ru,Директор по развитию / CTO,+375 17 218-33-53; +375 17 218-33-71; +375 29 650-27-27,info@bellintegrator.ru,,B,собран
Cotvec,IT,cotvec.com,Директор по развитию / CTO,+375 29 686-05-90,info@cotvec.com; hr@cotvec.com; pr@cotvec.com,,B,собран
Studio Borovogo,IT,db.by,Директор по развитию / CTO,+375 29 343-23-22; +375 17 395-78-68; +375 33 327-35-87,info@db.by,,B,собран
OpenMyGame,IT,openmygame.com,Директор по развитию / CTO,+375 29 665-39-49,support@openmygame.com,,B,собран
Artezio,IT,artezio.com,Директор по развитию / CTO,+375 33 332-78-16; +375 29 620-12-00; +375 17 359-23-51,hr@artezio.com,,B,собран
Aimprosoft,IT,aimprosoft.com,Директор по развитию / CTO,,info@aimprosoft.com,,B,частично
Geomotiv,IT,geomotiv.com,Директор по развитию / CTO,+375 44 304-37-28,info@geomotiv.com; eor@geomotiv.com,,B,собран
iMedia Solutions,IT,imedia.by,Директор по развитию / CTO,+375 17 348-14-94; +375 29 626-44-35; +375 33 654-44-35,info@imedia.by,,B,собран
WestTransLine,Логистика / транспорт,wtl.by,Директор по операциям / IT-директор,+375 17 390-92-92,office@wtl.by,,B,собран
Первая Транспортная Компания,Логистика / транспорт,1tk.by,Директор по операциям / IT-директор,+375 29 196-33-33,,,B,частично
Трансконсалт,Логистика / транспорт,transconsult.by,Директор по операциям / IT-директор,+375 29 557-58-52; +375 33 360-09-77; +375 29 348-44-44; +375 44 551-00-56; +375 29 611-85-60,info1@transconsult.by; sto.minsk@tc-service.by; shop@1tc.by,,B,собран
DPD Беларусь,Логистика / транспорт,dpd.by,Директор по операциям / IT-директор,+375 17 388-03-20; +375 17 388-03-23; +375 17 300-57-20; 8 801 100-00-11; +375 162 29-07-21; +375 162 45-52-39; +375 212 23-42-61; +375 212 23-43-53; +375 152 61-12-01; +375 152 61-12-02; +375 222 78-61-68,info@dpd.by; order@dpd.by; order_by@dpd.by,,B,собран
СДЭК Беларусь,Логистика / транспорт,cdek.by,Директор по операциям / IT-директор,8 800 250-04-05; +375 44 585-44-32,,,B,частично
AsstrA,Логистика / транспорт,asstra.by,Директор по операциям / IT-директор,+375 17 215-51-00; +375 17 388-53-88,office@asstra.by; hr_department@asstra.by,,B,собран
Интертрансавто,Логистика / транспорт,ita-logistic.by,Директор по операциям / IT-директор,+375 17 169-90-00,info@intertransavto.eu,,B,собран
Белмагистральавтотранс,Логистика / транспорт,bmat.by,Директор по операциям / IT-директор,+375 17 378-89-90; +375 17 378-89-84; +375 17 379-94-22; +375 17 354-89-82; +375 17 378-87-73; +375 17 378-92-80; +375 17 348-89-83; +375 17 374-89-76; +375 17 379-87-88,magistr@bmat.by; ekonom@bmat.by; tach@bmat.by,,B,собран
ВЛАТЕ Логистик,Логистика / транспорт,vlate.ru,Директор по операциям / IT-директор,+375 152 92-99-01; +375 152 92-99-08,info@bruzgi.bremino.by,,B,собран
Современный логистический центр 24,Логистика / транспорт,mlc24.by,Директор по операциям / IT-директор,+375 17 500-26-66; +375 44 797-73-59; +375 29 181-70-29,info@3pl.by; consult@mlc24.by,,B,собран
STA Logistic,Логистика / транспорт,sta-logistic.by,Директор по операциям / IT-директор,+375 17 293-49-79,sta@sta-logistic.by,,B,собран
Глобалкастом,Логистика / транспорт,globalcustom.by,Директор по операциям / IT-директор,+375 17 200-68-26; +375 29 371-29-88,info@globalcustom.by,,B,собран
Брествнештранс,Логистика / транспорт,bvtby.com,Директор по операциям / IT-директор,+375 162 30-15-25; +375 29 325-32-32; +375 33 633-63-63; +375 162 30-15-67; +375 33 992-16-29; +375 29 797-83-25; +375 162 30-15-94; +375 162 30-15-80; +375 162 29-37-10; +375 162 30-15-35; +375 29 631-32-32,info@bvtby.com; market@bvtby.com; avto@bvtby.com; decl@bvtby.com; hr@bvtby.com; sto@bvtby.com; master@bvtby.com; b@bvtby.com,,B,собран
Дженти-Спедишн,Логистика / транспорт,jenty-spedition.by,Директор по операциям / IT-директор,+375 17 284-00-63,info@jenty-spedition.by,,B,собран
ИнтерЛогистик,Логистика / транспорт,interlogistic.by,Директор по операциям / IT-директор,+375 17 323-76-63; +375 29 128-75-65; +375 17 323-78-45; +375 29 128-75-10; +375 17 323-78-36; +375 17 323-78-37; +375 29 628-75-40; +375 17 323-78-46; +375 29 128-75-50,info@interlogistic.by,,B,собран
Транзит Логистик,Логистика / транспорт,tlm.by,Директор по операциям / IT-директор,+375 17 357-07-66; +375 33 390-37-36; +375 33 390-35-69; +375 33 671-34-87,info@tlm.by,,B,собран
Транспортир Групп,Логистика / транспорт,transportir.by,Директор по операциям / IT-директор,+375 17 318-09-99,belarus@transportir.com,,B,собран
Трансгрупплогистик,Логистика / транспорт,tgl.by,Директор по операциям / IT-директор,+375 17 228-04-02; +375 17 222-75-51; +375 17 336-45-12; +375 17 336-45-13,auto@tgl.by; rw@tgl.by,,B,собран
Брестгрузтранслогистик,Логистика / транспорт,brestlogistic.by,Директор по операциям / IT-директор,+375 162 26-22-60; +375 162 26-24-79; +375 162 58-09-79; +375 162 26-31-43,bgtl-n@brest.rw.by; bgtl-log2@brest.rw.by,,B,собран
Белкаспиан,Логистика / транспорт,belkaspian.by,Директор по операциям / IT-директор,+375 17 342-70-64; +375 17 390-06-26; +375 17 207-36-83; +375 17 205-01-05,pk@belkaspian.by,,B,собран
Стройтрест №1,Строительство / девелопмент,trest1.by,Коммерческий директор / директор по маркетингу,+375 17 357-42-58; +375 17 353-12-17; +375 17 240-07-33; +375 17 342-22-14; +375 17 357-00-65; +375 17 352-78-11; +375 17 355-75-27; +375 17 363-16-58,post@trest1.by; post.su3@trest1.by,,B,собран
Стройтрест №4,Строительство / девелопмент,stroytrest4.by,Коммерческий директор / директор по маркетингу,+375 17 334-14-67; +375 17 334-13-46,info@stroytrest4.by,,B,собран
Стройтрест №7,Строительство / девелопмент,stroytrest.by,Коммерческий директор / директор по маркетингу,+375 17 369-17-41; +375 17 284-78-86,mail@stroytrest.by,,B,собран
Строительный трест №8,Строительство / девелопмент,stroytrest8.by,Коммерческий директор / директор по маркетингу,+375 162 54-83-94; +375 162 54-84-04; +375 162 56-30-14; +375 162 53-34-74,mail@stroytrest8.by,,B,собран
Стройтрест №35,Строительство / девелопмент,stroytrest35.by,Коммерческий директор / директор по маркетингу,+375 17 331-41-89,info@stroytrest35.by,,B,собран
Стройтрест №3 Солигорск,Строительство / девелопмент,str3.by,Коммерческий директор / директор по маркетингу,+375 174 23-66-44; +375 174 22-32-89; +375 174 26-01-71; +375 174 26-02-28,str3@str3.by; su95@str3.by; su149@str3.by,,B,собран
Строительный трест №14 Гомель,Строительство / девелопмент,stroytrest14.by,Коммерческий директор / директор по маркетингу,+375 232 34-59-30; +375 232 34-59-55; +375 232 73-03-24,mail@stroytrest14.by,,B,собран
Строительный трест №21 Борисов,Строительство / девелопмент,str21.by,Коммерческий директор / директор по маркетингу,+375 177 73-51-42; +375 177 73-26-18; +375 177 73-27-76; +375 177 73-15-33; +375 177 76-90-10; +375 44 799-55-66; +375 177 73-40-21,trest21@str21.by,,B,собран
Стройтрест №20 Светлогорск,Строительство / девелопмент,trest20.by,Коммерческий директор / директор по маркетингу,+375 2342 7-78-21; +375 2342 7-79-37,info@trest20.by,,B,собран
Гомельпромстрой,Строительство / девелопмент,gomelpromstroy.by,Коммерческий директор / директор по маркетингу,+375 232 21-03-05; +375 232 34-04-87; +375 232 34-05-54,mailusk@gomelpromstroy.by; mail@gomelpromstroy.by,,B,собран
Гродножилстрой,Строительство / девелопмент,ghb.by,Коммерческий директор / директор по маркетингу,+375 152 73-83-88; +375 152 73-84-08; +375 152 73-83-40; +375 152 73-83-41; +375 152 95-11-21; +375 152 73-84-96; +375 152 73-84-80; +375 152 73-84-59; +375 152 73-84-60,sale@ghb.by,,B,собран
Стройкомплекс,Строительство / девелопмент,stroycomplex.by,Коммерческий директор / директор по маркетингу,+375 17 358-02-98; +375 17 280-02-98; +375 17 280-96-95; +375 17 280-13-05; +375 17 280-95-09; +375 17 280-28-56,oao@stroycomplex.by,,B,собран
Строминвест,Строительство / девелопмент,strominvest.com,Коммерческий директор / директор по маркетингу,+375 17 389-73-72; +375 44 546-16-97; +375 29 608-00-55,hq.minsk@strominvest.com,,B,собран
Минскметрострой,Строительство / девелопмент,metrostroy.by,Коммерческий директор / директор по маркетингу,+375 17 285-32-11; +375 17 294-11-07; +375 17 285-32-56; +375 17 285-32-05; +375 17 285-32-09; +375 17 285-32-20; +375 17 285-32-54; +375 17 364-59-41; +375 17 337-78-75,gmu@metrostroy.by; office@metrostroy.by,,B,собран
Промтехмонтаж,Строительство / девелопмент,ptm.by,Коммерческий директор / директор по маркетингу,+375 17 397-14-85; +375 17 395-54-59; +375 17 294-84-52; +375 212 23-24-12; +375 174 20-08-16,ptm@ptm.by; mu1@ptm.by,,B,собран
Трест Белсантехмонтаж №1,Строительство / девелопмент,trest.by,Коммерческий директор / директор по маркетингу,+375 17 292-00-54; +375 17 292-14-31; +375 222 31-17-38; +375 212 23-10-90; +375 232 39-37-74,info@trest.by,,B,собран
Дорстроймонтажтрест,Строительство / девелопмент,dsmt.by,Коммерческий директор / директор по маркетингу,+375 17 225-77-07; +375 17 225-77-08; +375 17 225-37-62; +375 232 95-54-71; +375 2235 6-42-51; +375 2235 6-45-83; +375 163 49-22-34; +375 163 45-44-70,dst@dsmt.by,,B,собран
Минскоблдорстрой,Строительство / девелопмент,minskobldorstroy.by,Коммерческий директор / директор по маркетингу,+375 17 368-37-92,info@minskobldorstroy.by,,B,собран
Брестоблдорстрой,Строительство / девелопмент,brest-ods.by,Коммерческий директор / директор по маркетингу,+375 162 25-19-00; +375 162 25-19-02,br_ods@brest.by,,B,собран
Гомельоблдорстрой,Строительство / девелопмент,gomods.by,Коммерческий директор / директор по маркетингу,+375 232 33-18-94; +375 232 33-15-46; +375 232 33-19-46; +375 232 55-96-79; +375 232 33-18-96; +375 232 35-68-29,kanc@gomods.by; ok@gomods.by; market@gomods.by; ursad@gomods.by,,B,собран
Витебскоблдорстрой,Строительство / девелопмент,vods.vitebsk.by,Коммерческий директор / директор по маркетингу,+375 212 37-26-00; +375 212 37-26-01; +375 212 37-26-17,vods@vods.by,,B,собран
Могилевводстрой,Строительство / девелопмент,vodstroy.by,Коммерческий директор / директор по маркетингу,+375 222 22-65-25,vodstroy@mogilev.by,,B,собран
Институт Белгоспроект,Строительство / девелопмент,belgos.by,Коммерческий директор / директор по маркетингу,+375 17 203-89-82; +375 17 203-82-11; +375 17 203-85-60; +375 17 209-48-87; +375 17 226-96-85; +375 29 155-75-12,belgos@belgos.by,,B,собран
Минскпроект,Строительство / девелопмент,minskproekt.by,Коммерческий директор / директор по маркетингу,+375 17 200-67-66; +375 17 200-61-97; +375 17 200-62-62; +375 17 200-70-57,info@minskproekt.by,,B,собран
Минскинжпроект,Строительство / девелопмент,mip.by,Коммерческий директор / директор по маркетингу,+375 17 379-53-75,info@mip.by,,B,собран
Институт Минскгражданпроект,Строительство / девелопмент,mgp.by,Коммерческий директор / директор по маркетингу,+375 17 200-91-35; +375 17 362-91-35; +375 17 320-18-99,office@mgp.by,,B,собран
Институт Гомельгражданпроект,Строительство / девелопмент,iggp.by,Коммерческий директор / директор по маркетингу,+375 232 34-41-74; +375 232 34-41-70,info@iggp.by,,B,собран
Институт Гродногражданпроект,Строительство / девелопмент,ggp.by,Коммерческий директор / директор по маркетингу,+375 152 39-88-02; +375 152 77-20-50,ggp@ggp.by,,B,собран
Институт Витебскгражданпроект,Строительство / девелопмент,vgp.by,Коммерческий директор / директор по маркетингу,+375 212 36-01-14; +375 212 36-01-16; +375 29 165-70-65,vit@vgp.by; nf@vgp.by,,B,собран
Брестпроект,Строительство / девелопмент,brestproekt.by,Коммерческий директор / директор по маркетингу,+375 162 21-71-35; +375 162 21-65-21,info@brestproject.by,,B,собран
Белпромпроект,Строительство / девелопмент,belprom.by,Коммерческий директор / директор по маркетингу,+375 17 319-57-84; +375 17 364-54-74; +375 17 338-62-15,bpp@belprom.by,,B,собран
Институт Белжилпроект,Строительство / девелопмент,belzil.by,Коммерческий директор / директор по маркетингу,+375 17 375-16-83; +375 17 397-60-28,info@belzil.by,,B,собран
Минсккабель,Промышленность / производство,minskkabel.by,Директор по цифровизации / IT-директор,+375 17 397-22-98; +375 17 397-86-83; +375 17 396-28-56; +375 17 397-89-56; +375 17 397-93-12,mail@minskkabel.by,,B,собран
МЭТЗ им. В.И. Козлова,Промышленность / производство,metz.by,Директор по цифровизации / IT-директор,+375 17 325-91-99; +375 17 272-27-27; +375 17 369-27-27; +375 17 374-93-01; +375 17 330-22-07; +375 17 358-89-64; +375 17 375-95-03; +375 17 330-23-29; +375 17 330-23-28; +375 17 330-22-37,info@metz.by; bz@metz.by,,B,собран
Борисовский завод пластмассовых изделий,Промышленность / производство,bzpi.by,Директор по цифровизации / IT-директор,+375 17 779-08-00; +375 17 779-08-28; +375 17 779-08-29; +375 17 779-08-20; +375 17 779-08-21; +375 17 779-08-24; +375 17 779-08-25; +375 17 779-08-50,bzpi@bzpi.by,,B,собран
Оршанский инструментальный завод,Промышленность / производство,orshiz.by,Директор по цифровизации / IT-директор,+375 216 51-69-00; +375 216 51-69-07; +375 216 51-68-96; +375 216 51-68-98,orshiz@vitebsk.by,,B,собран
Сморгонский завод оптического станкостроения,Промышленность / производство,szos.by,Директор по цифровизации / IT-директор,+375 1592 3-45-81; +375 1592 2-48-03; +375 1592 2-48-01; +375 1592 2-25-25,omis@szos.by; smorgonzos@gmail.com,,B,собран
Молодечненский станкостроительный завод,Промышленность / производство,mcz.by,Директор по цифровизации / IT-директор,+375 17 673-79-70; +375 17 673-68-31; +375 17 673-59-83; +375 17 673-59-10; +375 17 673-79-93,stanki@mcz.by,,B,собран
Беларускабель,Промышленность / производство,belaruskabel.by,Директор по цифровизации / IT-директор,+375 236 32-32-29; +375 236 25-23-69,vc@belaruskabel.by,,B,собран
Мостовдрев,Промышленность / производство,mostovdrev.by,Директор по цифровизации / IT-директор,+375 1515 6-46-31; +375 1515 6-46-15; +375 1515 6-46-25; +375 1515 6-46-01,box@mostovdrev.by; marketing@mostovdrev.by; inbox@mostovdrev.by,,B,собран
Минский завод Термопласт,Промышленность / производство,oaotermoplast.by,Директор по цифровизации / IT-директор,+375 17 281-13-40; +375 44 700-73-21; +375 44 740-54-62; +375 44 543-80-95; +375 44 543-80-54; +375 44 543-80-19,office@oaotermoplast.by; marketing@oaotermoplast.by,,B,собран
Гомельский завод станочных узлов,Промышленность / производство,gzsu.by,Директор по цифровизации / IT-директор,+375 232 27-26-15; +375 232 54-80-53; +375 232 50-39-40; +375 232 54-87-74,om@gzsu.by; mail@gzsu.by,,B,собран
Завод Спецавтоматика,Промышленность / производство,specavtomatika.by,Директор по цифровизации / IT-директор,+375 17 365-61-49; +375 29 650-02-97,info@specavtomatika.by; omsik@specavtomatika.by,,B,собран
Калинковичский завод бытовой химии,Промышленность / производство,kzbh.by,Директор по цифровизации / IT-директор,+375 2345 4-71-92; +375 2345 4-71-48; +375 2345 4-84-48; +375 2345 4-85-22,kzbh@tut.by,,B,собран
Витебский завод электроизмерительных приборов,Промышленность / производство,vzep.vitebsk.by,Директор по цифровизации / IT-директор,+375 212 66-61-46; +375 212 66-58-10; +375 212 66-59-84; +375 212 66-08-17,info@vzep.by,,B,собран
Брестский электромеханический завод,Промышленность / производство,bemzbrest.by,Директор по цифровизации / IT-директор,+375 162 42-18-55; +375 162 42-53-82; +375 162 42-33-22; +375 162 42-20-58,top@bemzbrest.by; omivs@bemzbrest.by; osb@bemzbrest.by,,B,собран
Гомельский завод литья и нормалей,Промышленность / производство,gomelzlin.by,Директор по цифровизации / IT-директор,+375 232 59-42-09; +375 232 59-61-31; +375 232 50-89-49; +375 232 59-67-37; +375 232 59-65-14,post@gomelzlin.by,,B,собран
Могилёвлифтмаш,Промышленность / производство,liftmach.by,Директор по цифровизации / IT-директор,+375 222 74-08-33; +375 222 74-09-83; +375 222 74-09-71; +375 222 74-09-11; +375 222 74-06-95; +375 222 74-06-96; +375 222 74-09-46; +375 222 74-08-63; +375 222 74-09-26; +375 222 74-08-77; +375 222 73-83-28,liftmach@liftmach.by; om@liftmach.by; omzak@liftmach.by; oves@liftmach.by; onp@liftmach.by; motor@liftmach.by,,B,собран
Минский подшипниковый завод,Промышленность / производство,mpz.com.by,Директор по цифровизации / IT-директор,+375 17 379-53-12; +375 17 295-54-12; +375 17 245-15-01; +375 17 246-49-52; +375 17 245-20-56; +375 17 246-06-52; +375 17 390-54-03; +375 17 362-78-65; +375 17 236-55-62,mpz@mpz.com.by; orp@mpz.com.by; umnach@mpz.com.by; rb@mpz.com.by,,B,собран
Технолит Полоцк,Промышленность / производство,oaotechnolit.by,Директор по цифровизации / IT-директор,+375 214 42-53-13; +375 214 42-51-17; +375 214 42-16-27; +375 214 42-62-09; +375 214 42-40-84; +375 214 42-24-36,,,B,частично
Минский завод шестерён,Промышленность / производство,mgw.by,Директор по цифровизации / IT-директор,+375 17 282-92-82; +375 17 246-75-90; +375 17 236-98-88; +375 17 375-92-30; +375 17 398-88-88,mgw@mgw.by; marketing@mgw.by,,B,собран
Гродненский механический завод,Промышленность / производство,gmz.by,Директор по цифровизации / IT-директор,+375 152 71-99-00; +375 152 71-96-77; +375 152 71-96-76,gmz@gmz.by,,B,собран
Минский завод автоматических линий им. Машерова,Промышленность / производство,mzal.by,Директор по цифровизации / IT-директор,+375 17 246-13-32; +375 17 246-72-17; +375 17 310-97-37; +375 17 358-91-01,plant@mzal.by,,B,собран
Барановичский завод автоматических линий,Промышленность / производство,bzal.by,Директор по цифровизации / IT-директор,+375 163 49-13-55; +375 163 49-13-02; +375 163 41-52-53; +375 163 41-51-88,sales@bzal.by,,B,собран
Гомельский литейный завод Центролит,Промышленность / производство,centrolit.by,Директор по цифровизации / IT-директор,+375 232 22-36-34; +375 232 22-30-61; +375 232 22-30-02; +375 232 22-38-06; +375 232 22-32-61; +375 232 22-32-70,office@centrolit.by; om@centrolit.by; sbyt@centrolit.by,,B,собран
Полоцк-Стекловолокно,Промышленность / производство,polotsk-psv.by,Директор по цифровизации / IT-директор,+375 214 41-55-51; +375 214 41-55-65; +375 214 41-54-14; +375 214 41-54-04; +375 214 41-54-63; +375 214 41-58-03; +375 214 41-56-84; +375 214 41-54-24; +375 214 41-55-12,info@psv.by,,B,собран
Барановичский завод станкопринадлежностей,Промышленность / производство,bzsp.by,Директор по цифровизации / IT-директор,+375 163 67-25-73; +375 163 64-49-73; +375 163 67-29-95,bzsp@bzsp-by.com,,B,собран
Минский часовой завод Луч,Промышленность / производство,luch.by,Директор по цифровизации / IT-директор,+375 17 280-47-38; +375 17 280-19-30; +375 17 280-45-21; +375 17 280-36-38; +375 17 280-05-51; +375 17 280-34-23; +375 17 280-87-40; +375 17 280-15-06,reklama@luch.by; luch@luch.by; sales@luch.by; marketingluch@tut.by,,B,собран
Завод Полимир,Промышленность / производство,polymir.by,Директор по цифровизации / IT-директор,+375 214 55-74-12; +375 214 55-73-39; +375 214 55-72-10; +375 214 55-72-86; +375 214 55-79-69; +375 214 55-78-82; +375 214 55-78-85; +375 214 55-72-32; +375 214 57-70-64; +375 214 57-79-61; +375 214 55-72-78; +375 214 55-73-20; +375 214 55-70-31; +375 214 55-73-51; +375 214 59-82-57; +375 214 59-88-88,info@polymir.by,,B,собран
Борисовский завод Автогидроусилитель,Промышленность / производство,agu.by,Директор по цифровизации / IT-директор,+375 177 70-85-17; +375 177 70-84-45; +375 177 70-85-27,ost@agu.by; avtos@agu.by; bkp@agu.by,,B,собран
Сморгонский агрегатный завод,Промышленность / производство,smorgon-tractor.by,Директор по цифровизации / IT-директор,+375 1592 4-13-00; +375 1592 4-13-41; +375 1592 4-13-13; +375 1592 6-19-54; +375 44 542-50-28,shop@smorgon-tractor.by; saz@smorgon-tractor.by; sgr@smorgon-tractor.by,,B,собран
Гомельский радиозавод,Промышленность / производство,radiozavod.by,Директор по цифровизации / IT-директор,+375 232 21-60-07; +375 232 21-60-08; +375 232 21-60-02; +375 232 43-50-62; +375 232 50-30-62; +375 232 21-60-17; +375 232 21-60-03; +375 232 21-60-12; +375 29 327-99-46,marketinggrz@mail.ru; sbyt-grz@tut.by; radiozavod-oasup@tut.by,,B,собран
Брестский мясокомбинат,Пищевая промышленность / АПК,brestmeat.by,Директор по операциям / IT-директор,+375 162 27-78-39; +375 162 24-37-02; +375 162 27-79-42,market@brestmeat.by; bmk@mkbrest.by; ved@brestmk.by; op@brestmk.by; omts@brestmk.by; buh@brestmk.by,,B,собран
Волковысский мясокомбинат,Пищевая промышленность / АПК,volmk.by,Директор по операциям / IT-директор,+375 1512 2-00-16; +375 1512 5-14-81; +375 1512 5-26-11; +375 1512 5-26-54; +375 1512 5-11-81,media@volmk.by,,B,собран
Слуцкий мясокомбинат,Пищевая промышленность / АПК,sluckmeat.by,Директор по операциям / IT-директор,+375 1795 5-80-80; +375 1795 4-53-51; +375 1795 5-52-66; +375 1795 4-52-25; +375 1795 4-51-33,info@sluckmeat.by; ok@sluckmeat.by; smk.marketing@mail.ru; smk.by@mail.ru,,B,собран
Витебский мясокомбинат,Пищевая промышленность / АПК,vmk.by,Директор по операциям / IT-директор,+375 212 26-81-70; +375 212 61-76-95; +375 212 61-76-75; +375 212 61-76-86; +375 212 61-77-23; +375 212 61-77-03; +375 212 61-77-25; +375 212 61-54-10; +375 29 190-60-27,vitmk1@tut.by; market@vmk.by; wed@vmk.by; ok@vmk.by; mail@vmk.by,,B,собран
Пинский мясокомбинат,Пищевая промышленность / АПК,pikant.by,Директор по операциям / IT-директор,+375 165 64-38-47; +375 165 64-17-25; +375 165 62-47-51,info@pikant.by,,B,собран
Жлобинский мясокомбинат,Пищевая промышленность / АПК,gmk.by,Директор по операциям / IT-директор,+375 2334 4-13-18; +375 2334 4-13-57; +375 2334 4-13-57,info@gmk.by; gmk@mail.gomel.by; priemn@gmk.by,,B,собран
Бобруйский мясокомбинат,Пищевая промышленность / АПК,bobrmk.by,Директор по операциям / IT-директор,+375 225 47-47-60; +375 225 71-50-75; +375 225 70-48-07,bmk2003@bobrmk.by; priem@bobrmk.by; tdcimus@bobrmk.by,,B,собран
Слонимский мясокомбинат,Пищевая промышленность / АПК,slmeat.by,Директор по операциям / IT-директор,+375 1562 2-12-75; +375 1562 4-71-18; +375 1562 2-35-79; +375 1562 2-58-45; +375 1562 4-72-16,slmarket@tut.by,https://www.instagram.com/slonim_mk/; https://t.me/slmeat; https://www.facebook.com/slonim.mk/,B,собран
Лидский молочно-консервный комбинат,Пищевая промышленность / АПК,moloko.lida.by,Директор по операциям / IT-директор,+375 154 52-33-56; +375 152 54-33-83; +375 154 52-72-74; +375 154 52-43-21; +375 154 52-53-11,mkk@mail.lida.by; milida_sbyt@mail.lida.by,,B,собран
Минский молочный завод № 1,Пищевая промышленность / АПК,belmilk.by,Директор по операциям / IT-директор,+375 17 246-51-53; +375 17 270-50-17; +375 17 270-50-18; +375 17 270-10-24; +375 17 270-10-25,secretar@belmilk.by,,B,собран
Кобринский маслодельно-сыродельный завод,Пищевая промышленность / АПК,kobrincheese.com,Директор по операциям / IT-директор,+375 1642 3-00-21; +375 1642 2-23-21; +375 1642 2-29-70; +375 1642 4-16-91; +375 1642 4-50-65; +375 1642 4-50-64; +375 1642 4-50-63; +375 1642 3-00-65,sec@kobrincheese.com,,B,собран
Туровский молочный комбинат,Пищевая промышленность / АПК,turovmilk.by,Директор по операциям / IT-директор,+375 2353 53-05-03; +375 2353 53-05-30; +375 2353 53-75-89; +375 2353 53-75-89; +375 29 358-22-02,info@turovmilk.by,,B,собран
Пружанский молочный комбинат,Пищевая промышленность / АПК,prjmilk.by,Директор по операциям / IT-директор,+375 1632 3-41-78; +375 29 195-37-33; +375 33 318-14-80; +375 16 329-02-96,prjmsz@brest.by,,B,собран
Беловежские сыры,Пищевая промышленность / АПК,belcheese.by,Директор по операциям / IT-директор,+375 1631 9-17-77,info@belcheese.by; bsyr@mail.ru,,B,собран
Гомельхлебпром,Пищевая промышленность / АПК,gomelhlebprom.by,Директор по операциям / IT-директор,+375 232 21-50-22; +375 232 21-50-02; +375 232 21-50-13; +375 232 21-50-12; +375 232 29-59-74; +375 232 29-59-75; +375 232 29-59-73; +375 232 21-50-42; +375 232 21-50-27,marketing@gomelhlebprom.by; office@hlebprom.gomel.by; 3sbyt@gomelhlebprom.by; finance@gomelhlebprom.by; profkom@gomelhlebprom.by,,B,собран
Витебскхлебпром,Пищевая промышленность / АПК,vhp.by,Директор по операциям / IT-директор,+375 212 67-04-78; +375 212 67-02-57; +375 212 66-20-17; +375 212 66-04-61; +375 212 67-21-00; +375 29 239-16-00,info@vhp.by,,B,собран
Минскхлебпром,Пищевая промышленность / АПК,minskhleb.by,Директор по операциям / IT-директор,+375 17 270-68-74; +375 17 212-27-85; +375 17 396-92-68; +375 29 244-45-01; +375 17 363-80-00; +375 17 363-80-01; +375 17 363-80-02,mhp@minskhleb.by,,B,собран
Берестейский пекарь,Пищевая промышленность / АПК,bhp.by,Директор по операциям / IT-директор,+375 162 24-86-70; +375 162 24-83-83; +375 162 24-86-40; +375 162 53-21-40; +375 162 53-34-45; +375 29 206-06-38,info@bhp.by,,B,собран
Борисовхлебпром,Пищевая промышленность / АПК,borisovhlebprom.by,Директор по операциям / IT-директор,+375 177 73-26-63; +375 177 76-62-74; +375 177 70-91-91; +375 29 639-11-94,priemn@borisovhlebprom.by; zayvki@borisovhlebprom.by,,B,собран
Слуцкий хлебозавод,Пищевая промышленность / АПК,slhleb.by,Директор по операциям / IT-директор,+375 1795 5-60-27,mail@slhleb.by; market@slhleb.by,,B,собран
Кондитерская фабрика Витьба,Пищевая промышленность / АПК,vitba.by,Директор по операциям / IT-директор,+375 212 67-09-59; +375 29 344-44-23; +375 212 67-09-48; +375 212 67-15-49; +375 212 67-16-68; +375 212 67-12-87,office@vitba.by,https://www.instagram.com/vitba_by/; https://www.facebook.com/factory.vitba/,B,собран
Красный Мозырянин,Пищевая промышленность / АПК,korovka.by,Директор по операциям / IT-директор,+375 2355 4-33-64; +375 2355 4-33-74; +375 29 734-47-22; +375 2355 4-33-25; +375 2355 4-33-05; +375 2355 4-33-26; +375 2355 4-33-02; +375 2355 4-33-03; +375 2355 4-33-08,priemnaya@korovka.by; sbyt@korovka.by,,B,собран
Лидахлебопродукт,Пищевая промышленность / АПК,muka.by,Директор по операциям / IT-директор,+375 154 65-25-01; +375 154 65-25-60; +375 154 65-25-06; +375 154 65-25-79; +375 154 65-25-59; +375 154 65-26-79; +375 154 65-26-80; +375 154 65-25-56,office@muka.by; n.lida@muka.by; ved@muka.by; market@muka.by,,B,собран
Бобруйский комбинат хлебопродуктов,Пищевая промышленность / АПК,bkh.by,Директор по операциям / IT-директор,+375 225 72-87-98; +375 225 72-88-39; +375 225 72-88-54,bkhp1@yandex.by,,B,собран
Минский маргариновый завод,Пищевая промышленность / АПК,margarin.by,Директор по операциям / IT-директор,+375 17 301-30-15; +375 17 358-86-45; +375 17 394-49-43; +375 17 374-86-25; +375 17 294-10-15,mail@margarin.by,,B,собран
Гомельский жировой комбинат,Пищевая промышленность / АПК,gjk.by,Директор по операциям / IT-директор,+375 232 36-07-04; +375 232 50-68-44; +375 44 700-02-07; +375 44 556-66-42; +375 232 50-63-61,info@gjk.by; marketing@gjk.by; sales@gjk.by; export@gjk.by,https://www.youtube.com/@gjk_gomel,B,собран
Гродненский консервный завод,Пищевая промышленность / АПК,fruktoff.by,Директор по операциям / IT-директор,+375 152 52-45-27; +375 152 52-01-99; +375 152 52-45-16,fruktoff@mail.ru,,B,собран
Малоритский консервно-овощесушильный комбинат,Пищевая промышленность / АПК,toptyshka.by,Директор по операциям / IT-директор,+375 1651 2-07-09; +375 1651 2-07-17; +375 1651 2-07-07; +375 1651 2-04-71; +375 1651 2-07-11,market@toptyshka.by; maloritakosk@toptyshka.by; recept@toptyshka.by,,B,собран
Жабинковский сахарный завод,Пищевая промышленность / АПК,sahar.by,Директор по операциям / IT-директор,+375 1641 6-99-37; +375 1641 6-99-17; +375 1641 6-99-58; +375 1641 6-99-43; +375 1641 6-99-72; +375 1641 6-99-42; +375 1641 2-73-72,office@sahar.by; market@sahar.by; sbyt2@sahar.by; marketboss@sahar.by,,B,собран
Городейский сахарный комбинат,Пищевая промышленность / АПК,gsr.by,Директор по операциям / IT-директор,+375 1770 6-25-24; +375 1770 6-24-46; +375 1770 6-24-14; +375 1770 6-25-15; +375 1770 5-74-57; +375 1717 78-23-31; +375 1717 71-39-1,info@gsr.by,,B,собран
Слуцкий сахарорафинадный комбинат,Пищевая промышленность / АПК,sugar.by,Директор по операциям / IT-директор,+375 1795 45-45-10; +375 1795 45-45-51; +375 1795 55-55-90; +375 1795 46-99-1; +375 1795 45-01-3,contact@sugar.by; sales@sugar.by,,B,собран
Ultra.by,Ритейл / дистрибуция,ultra.by,Директор по маркетингу / коммерческий директор,+375 29 782-55-55; +375 44 782-55-55; +375 25 782-55-55,vip@ultra.by,,B,собран
Elmarket.by,Ритейл / дистрибуция,elmarket.by,Директор по маркетингу / коммерческий директор,+375 17 336-45-45; +375 17 514-10-54; +375 29 531-83-18; +375 25 531-83-18; +375 44 531-83-18,info@elmarket.by,,B,собран
Megatop,Ритейл / дистрибуция,megatop.by,Директор по маркетингу / коммерческий директор,+375 17 377-20-60; 7976,help@megatop.by,,B,собран
Планета Здоровья,Ритейл / дистрибуция,healthplanet.by,Директор по маркетингу / коммерческий директор,+375 17 543-00-61; +375 44 537-50-50; +375 29 537-50-50; +375 25 537-50-50,info@healthplanet.by,https://www.facebook.com/healthplanetby/,B,собран
Владпродимпорт,Ритейл / дистрибуция,vladimirskoe.by,Директор по маркетингу / коммерческий директор,+375 29 686-19-06; +375 17 512-34-08; +375 17 512-85-72; +375 17 227-43-50; +375 44 732-88-85; +375 29 190-28-86,info@vladimirskoe.by,,B,собран
ШагоВита,Ритейл / дистрибуция,shagovita.by,Директор по маркетингу / коммерческий директор,+375 44 742-00-51; +375 17 242-06-15; +375 17 241-08-23; +375 17 243-12-94; +375 44 797-97-62; +375 222 27-96-03; +375 222 27-70-71; +375 222 27-96-20; +375 222 27-95-93,info@tdsv.by,,B,собран
Светофор,Ритейл / дистрибуция,svetoforbel.by,Директор по маркетингу / коммерческий директор,+375 17 342-15-42; +375 33 365-05-50,svetofor.bel@gmail.com,,B,собран
Артека Сеть,Ритейл / дистрибуция,arteka.by,Директор по маркетингу / коммерческий директор,+375 17 213-01-27; +375 17 204-11-28; +375 17 204-52-03; +375 17 204-53-02,arteka@arteka.by; manager1@arteka.by; manager2@arteka.by,,B,собран
Qifa.by,Ритейл / дистрибуция,qifa.by,Директор по маркетингу / коммерческий директор,+375 17 336-04-78; +375 44 742-00-17; +375 44 740-06-72; +375 29 135-07-04; +375 29 130-07-47,expo@qifa.by; minsk2@qifa.by,,B,собран
Caprice,Ритейл / дистрибуция,caprice.by,Директор по маркетингу / коммерческий директор,+375 17 260-18-88; +375 17 377-48-88; +375 29 605-12-88; +375 29 605-00-88,info@caprice.by; reklama@caprice.by,,B,собран
VDO.by,Ритейл / дистрибуция,vdo.by,Директор по маркетингу / коммерческий директор,+375 44 770-03-50,info@vdo.by,https://www.facebook.com/vdoby/,B,собран
Добрада,Ритейл / дистрибуция,dobrada.by,Директор по маркетингу / коммерческий директор,+375 17 287-33-48; +375 17 290-25-45; +375 17 287-32-38,,,B,частично
Грошык,Ритейл / дистрибуция,groshyk.by,Директор по маркетингу / коммерческий директор,+375 44 788-80-26,,,B,частично
Электросила,Ритейл / дистрибуция,sila.by,Директор по маркетингу / коммерческий директор,+375 17 228-66-65; +375 17 218-33-22; +375 29 610-22-11; +375 33 610-22-11; +375 25 610-22-11; +375 17 218-33-17; +375 44 775-58-70,sila@sila.by; multi@sila.by; opt@sila.by; reklama@sila.by,,B,собран
Материк,Ритейл / дистрибуция,diy.by,Директор по маркетингу / коммерческий директор,+375 17 388-69-88; +375 17 388-69-80; +375 17 388-69-71; +375 17 388-69-72; +375 17 388-69-73; +375 17 388-69-74; +375 17 311-50-00; +375 17 311-50-21; +375 21 248-17-00; +375 21 248-17-14; +375 21 248-17-11; +375 21 248-17-12; +375 21 248-17-13; +375 21 248-17-15; +375 21 248-17-16; +375 15 279-97-03,gip4.info@diy.by; pro@diy.by; gip2-nach-service@diy.by,,B,собран
Neolink,Ритейл / дистрибуция,neolink.by,Директор по маркетингу / коммерческий директор,+375 44 525-32-81; +375 17 256-18-17; +375 17 256-18-12,info@neolink.by,,B,собран
Веста Ритейл,Ритейл / дистрибуция,vesta-retail.by,Директор по маркетингу / коммерческий директор,+375 212 66-53-54; +375 212 67-22-55; +375 212 66-05-70; +375 212 66-49-54; +375 212 67-27-31; +375 212 66-36-14,vesta@tut.by,,B,собран
Кравт,Ритейл / дистрибуция,cravt.by,Директор по маркетингу / коммерческий директор,+375 17 311-30-30; +375 17 310-61-44; +375 17 378-60-03; +375 17 637-88-99; 8-801-100-01-01,,,B,частично
Белфармация,Ритейл / дистрибуция,pharma.by,Директор по маркетингу / коммерческий директор,+375 17 303-12-59; +375 17 304-73-81; +375 17 242-25-54; +375 17 378-79-98; +375 17 284-48-76; +375 17 284-43-07; +375 17 390-94-68; 169,kovalchuk@pharma.by,,B,собран
Алми,Ритейл / дистрибуция,almi.by,Директор по маркетингу / коммерческий директор,+375 17 298-98-00; +375 17 308-16-16; +375 17 308-16-00; +375 29 153-76-11,control@almi.by,,B,собран
Данко,Ритейл / дистрибуция,danko.by,Директор по маркетингу / коммерческий директор,+375 17 361-10-80; +375 29 191-10-80; +375 29 544-10-00; +375 44 507-06-62,info@danko.by,,B,собран
Online Market,Ритейл / дистрибуция,online-market.by,Директор по маркетингу / коммерческий директор,+375 44 717-47-52,,,B,частично
Holodilnik.by,Ритейл / дистрибуция,holodilnik.by,Директор по маркетингу / коммерческий директор,+375 44 549-11-44; +375 44 515-15-45,info@holodilnik.by,,B,собран
Ресторация,Ритейл / дистрибуция,restoracia.by,Директор по маркетингу / коммерческий директор,+375 29 603-36-25; +375 17 513-80-82; +375 29 188-52-60; +375 44 566-03-53; +375 29 101-30-82,info@restoracia.by,https://www.facebook.com/Restoracia/,B,собран
Minsktoys,Ритейл / дистрибуция,minsktoys.by,Директор по маркетингу / коммерческий директор,+375 29 194-02-31; +375 29 603-09-80; +375 29 232-89-69; +375 33 333-41-40,shop@minsktoys.by; mogilev@minsktoys.by; vitebsk@minsktoys.by; brest@minsktoys.by; grodno@minsktoys.by; gomel@minsktoys.by,,B,собран
Электромаркет,Ритейл / дистрибуция,elm.by,Директор по маркетингу / коммерческий директор,+375 17 254-72-63; +375 17 270-82-85; +375 17 242-72-63; +375 29 346-17-86; +375 29 767-15-79,,,B,частично
Emmet.by,Ритейл / дистрибуция,emmet.by,Директор по маркетингу / коммерческий директор,+375 29 666-91-98,,https://www.instagram.com/emmet.by/,B,частично
БелАудитАльянс,Профессиональные услуги,belaudit.by,Управляющий партнёр / директор,+375 17 234-99-93; +375 29 604-33-00,office@belaudit.by,https://www.facebook.com/belaudit.by/,B,собран
ГрандБизнес Эксперт,Профессиональные услуги,gbexpert.by,Управляющий партнёр / директор,+375 17 308-70-85; +375 17 308-70-84; +375 29 107-88-68; +375 44 533-91-42,info@gbe.by,https://by.linkedin.com/company/gbexpert,B,собран
АСБ Консалт,Профессиональные услуги,asbconsult.by,Управляющий партнёр / директор,+375 17 218-82-24; +375 17 218-82-26; +375 17 218-82-28; +375 152 65-41-59; +375 29 324-65-85; +375 162 93-79-15,info@asbconsult.by; grodno@asbconsult.by; brest@asbconsult.by,,B,собран
ФБК-Бел,Профессиональные услуги,fbk.by,Управляющий партнёр / директор,+375 17 355-42-23; +375 29 662-52-23,fbk@fbk.by,https://by.linkedin.com/company/fbk-bel,B,собран
ПАРТНЕРАУДИТ,Профессиональные услуги,auditby.by,Управляющий партнёр / директор,+375 17 268-68-68; +375 29 668-38-98,info@auditby.by,,B,собран
ФинЭкспертиза-Бел,Профессиональные услуги,finexpertiza.by,Управляющий партнёр / директор,+375 17 270-69-82; +375 44 551-76-58,info@finexpertiza.by,,B,собран
Business Assurance BDO,Профессиональные услуги,bdo.by,Управляющий партнёр / директор,+375 17 308-74-50,info@bdo.by; info@assurance.by,https://www.facebook.com/bdobelarus/,B,собран
ПрофАудитКонсалт,Профессиональные услуги,pac-audit.by,Управляющий партнёр / директор,+375 17 396-87-21; +375 29 191-20-51; +375 29 881-02-51,info@pac-audit.by,,B,собран
Солт БиУай,Профессиональные услуги,salt.by,Управляющий партнёр / директор,+375 17 394-95-03,info@salt.by,,B,собран
Аудиторский центр Эрудит,Профессиональные услуги,erudite.by,Управляющий партнёр / директор,+375 17 297-65-60; +375 29 279-12-29,info2015@erudite.by; ik@erudite.by,,B,собран
CIVITTA Belarus,Профессиональные услуги,civitta.by,Управляющий партнёр / директор,+375 29 627-70-00,,,B,частично
Ключевые решения,Профессиональные услуги,kr.by,Управляющий партнёр / директор,+375 17 366-15-06; +375 17 366-92-60,kr@kr.by,https://www.facebook.com/krconsult/,B,собран
ИПМ-Консалт,Профессиональные услуги,ipmconsult.by,Управляющий партнёр / директор,+375 17 373-21-33; +375 17 280-21-33; +375 17 265-12-47; +375 17 265-12-48,info@ipmconsult.by; sales@ipmconsult.by,,B,собран
БКЦ,Профессиональные услуги,bkc.by,Управляющий партнёр / директор,+375 17 374-96-50; +375 17 377-97-47; +375 17 364-96-63; +375 17 394-96-84; +375 29 555-03-93; +375 29 258-03-88; +375 29 322-06-72; +375 29 322-03-93,info@bkc.by,,B,собран
ARTITERA,Профессиональные услуги,artitera.ru,Управляющий партнёр / директор,+375 17 322-11-33; +375 29 115-11-33,art@artitera.ru,,B,собран
Власова Михель и партнеры,Профессиональные услуги,vmp.by,Управляющий партнёр / директор,+375 17 319-84-96; +375 17 319-84-67; +375 44 743-57-55,,,B,частично
Sorainen Belarus,Профессиональные услуги,sorainen.com,Управляющий партнёр / директор,+375 17 306-21-02,belarus@sorainen.com,https://www.facebook.com/sorainenbelarus/,B,собран
Степановский Папакуль и партнеры,Профессиональные услуги,spplaw.by,Управляющий партнёр / директор,+375 17 269-55-00; +375 29 340-44-83; +375 33 300-44-83,info@spplaw.by,https://www.facebook.com/spplaw/,B,собран
REVERA,Профессиональные услуги,revera.legal,Управляющий партнёр / директор,+375 44 500-15-10; +375 25 666-40-40,info@revera.legal,,B,собран
Боровцов и Салей,Профессиональные услуги,borovtsovsalei.com,Управляющий партнёр / директор,+375 17 293-44-18; +375 17 343-44-18; +375 17 343-44-22; +375 17 260-00-04,info@borovtsovsalei.com,,B,собран
Егоров Пугинский Афанасьев и партнеры,Профессиональные услуги,epap.by,Управляющий партнёр / директор,+375 17 368-82-82,minsk_office@epap.by,,B,собран
ЮрСпектр,Профессиональные услуги,urspectr.info,Управляющий партнёр / директор,+375 17 205-03-00; +375 17 308-28-28; +375 33 350-28-28,cons@urspectr.info,,B,собран
Бел Бизнес Учет,Профессиональные услуги,beluchet.by,Управляющий партнёр / директор,+375 17 388-17-78,info@beluchet.by,,B,собран
Коллекция Открытий,Профессиональные услуги,ko.by,Управляющий партнёр / директор,+375 29 676-47-55; +375 17 239-23-50; +375 17 239-23-55; +375 17 239-23-60,client@ko.by; kandidat@ko.by,,B,собран
Административный ресурс,Профессиональные услуги,ares.by,Управляющий партнёр / директор,+375 17 215-00-22; +375 44 544-00-22; +375 29 544-00-22,,,B,частично
Губанова и Партнеры,Профессиональные услуги,gubanova.by,Управляющий партнёр / директор,+375 44 555-77-71; +375 29 520-66-89; +375 29 137-56-31,agency@gubanova.net,https://by.linkedin.com/company/gubanova-and-partners,B,собран
Кадровое агентство КАДР,Профессиональные услуги,hrbel.by,Управляющий партнёр / директор,+375 29 557-20-20; +375 44 557-20-20,info@hrbel.by,,B,собран
KIAT,Профессиональные услуги,kiat.by,Управляющий партнёр / директор,+375 29 671-35-63; +375 17 202-45-24; +375 17 202-45-36,info@kiat.by; resume@kiat.by,,B,собран
КВАДРАТ,Профессиональные услуги,kwadrat.by,Управляющий партнёр / директор,+375 17 203-46-97; +375 29 623-46-97,director@kwadrat.by,,B,собран
XXI ВЕК-КОНСАЛТ,Профессиональные услуги,21vk.biz,Управляющий партнёр / директор,+375 17 218-14-56; +375 17 218-14-57; +375 17 218-14-58; +375 17 218-14-59; +375 29 397-67-79; +375 29 700-67-79; +375 29 397-67-71; +375 29 277-60-01,office@21vk.biz; personal@21vk.biz; training@21vk.biz,https://www.facebook.com/21vk.biz/,B,собран
Бизнес-школа Здесь и Сейчас,Профессиональные услуги,zis.expert,Управляющий партнёр / директор,+375 17 217-00-62; +375 17 323-66-62; +375 29 654-55-34; +375 29 215-94-83,consulting@zis.by; training@zis.expert; resume@zis.by,,B,собран
Институт IBA,Профессиональные услуги,instituteiba.by,Управляющий партнёр / директор,+375 17 318-09-82; +375 17 318-24-82; +375 17 318-09-15; +375 29 690-40-33,education@instituteiba.by,,B,собран
Васильки,HoReCa,vasilki.by,Операционный директор / собственник,+375 17 369-61-04; +375 44 748-82-69; +375 17 280-06-24; +375 29 764-46-59; 7773,,,B,частично
Пицца Темпо,HoReCa,pizzatempo.by,Операционный директор / собственник,+375 33 392-32-22; +375 17 373-08-09; +375 17 292-11-11; +375 29 862-11-11; +375 29 192-11-11; +375 25 792-11-11; 7773,box@pizzatempo.by,,B,собран
Ресторан Свои,HoReCa,restoransvoi.by,Операционный директор / собственник,+375 44 731-31-29,,,B,частично
Группа отелей Виктория,HoReCa,hotel-victoria.by,Операционный директор / собственник,+375 17 239-77-77; +375 17 239-77-66; +375 17 382-00-01; +375 29 157-67-91; +375 44 753-53-57,info@hotel-victoria.by; bs@hotel-victoria.by,https://www.facebook.com/victoriahotels/,B,собран
Robinson Club,HoReCa,robins.by,Операционный директор / собственник,+375 17 502-13-33; +375 17 502-13-31; +375 44 502-13-33,info@robins.by; reservation@robins.by,,B,собран
Лидо,HoReCa,lido.by,Операционный директор / собственник,+375 17 284-82-08; +375 29 608-50-85; +375 29 302-59-59; +375 29 109-45-45,info@lido.by,,B,собран
Coffee Embassy,HoReCa,embassy.by,Операционный директор / собственник,+375 29 352-10-10; +375 29 356-10-10,info@coffee-embassy.by,,B,собран
Coffee Sound,HoReCa,coffeesound.by,Операционный директор / собственник,+375 29 623-17-10; +375 29 620-82-10; +375 29 617-76-34; +375 44 588-69-60; +375 44 776-13-61,marketing@coffeesound.by; zakupki@coffeesound.by; arenda@coffeesound.by,https://www.instagram.com/coffeesoundby/; https://www.facebook.com/coffeesoundby/,B,собран
Sushi House,HoReCa,sushihouse.by,Операционный директор / собственник,+375 29 668-11-11; +375 33 668-11-11; 7440,info@sushihouse.by; marketing@sushihouse.by,,B,собран
Отель Гарни,HoReCa,hotel-garni.by,Операционный директор / собственник,+375 17 209-71-00; +375 17 229-76-00; +375 29 364-44-74; +375 29 364-44-75; +375 17 337-15-61,info@minotel.by; info@hotel-garni.by,,B,собран
DoubleTree by Hilton Minsk,HoReCa,dtminsk.by,Операционный директор / собственник,+375 17 309-80-00; +375 44 507-17-29,doubletreeminsk.info@hilton.com; ember@hilton.com,https://www.facebook.com/DoubleTreeMinsk/,B,собран
Renaissance Minsk,HoReCa,renaissance.by,Операционный директор / собственник,+375 17 309-90-90; +375 17 309-90-99; +375 17 309-90-98; +375 17 309-90-85; +375 17 309-90-94,reception@renaissance.by; reservations@renaissance.by; sales@renaissance.by; restaurant@renaissance.by; renaissance@minskspa.by,,B,собран
Раковский Бровар,HoReCa,brovar.by,Операционный директор / собственник,+375 17 358-89-30; +375 44 733-93-39,office@brovar.by,,B,собран
News Cafe,HoReCa,newscafe.by,Операционный директор / собственник,+375 29 103-11-11,,https://www.instagram.com/news_cafe_minsk/,B,частично
Кравира,Медицина,kravira.by,Операционный директор / собственник,+375 17 211-28-61; +375 29 100-00-03; +375 33 900-00-03; +375 17 224-25-43; 403,kravira@kravira.by,,B,собран
Синэво,Медицина,synevo.by,Операционный директор / собственник,+375 17 338-88-88; +375 17 228-50-28; +375 29 628-54-28; +375 29 555-54-28; +375 17 286-38-06,,,B,частично
Эксана,Медицина,eksana.by,Операционный директор / собственник,+375 17 215-02-02; 7802,info@eksana.by; callcentre@eksana.by,https://www.instagram.com/eksana_belarus/,B,собран
Медцентр Sante,Медицина,sante.by,Операционный директор / собственник,+375 17 342-82-82; +375 29 342-82-82; +375 33 342-82-82,info@sante.by,,B,собран
Медцентр Гармония,Медицина,garmonya.by,Операционный директор / собственник,+375 177 75-40-00; +375 29 312-11-11; +375 29 851-11-11; +375 1775 4-10-00,help@garmonya.by,,B,собран
Клиника Мерси,Медицина,mercimed.by,Операционный директор / собственник,+375 17 311-94-14; +375 29 550-04-14; +375 29 134-04-14; 414,director@mercimed.by,https://www.instagram.com/mercimed.by/; https://www.facebook.com/mercimedcentr/,B,собран
ЭверестДент,Медицина,everestdent.by,Операционный директор / собственник,+375 29 623-72-37,info@everestdent.by,https://www.instagram.com/everestdent_minsk/; https://www.facebook.com/everestdent.minsk/,B,собран
Новое Зрение,Медицина,eyes.by,Операционный директор / собственник,+375 17 270-98-11; +375 17 270-98-17; +375 44 549-44-66; +375 29 549-44-66,minsk@eyes.by,,B,собран
Любимый Доктор,Медицина,lubimydoctor.by,Операционный директор / собственник,+375 17 325-55-33; +375 29 324-55-33; +375 33 324-55-33; +375 33 651-61-23; +375 44 772-77-71,info@lubimydoctor.by,https://www.instagram.com/lubimydoctor/,B,собран
Инвитро Беларусь,Медицина,invitro.by,Операционный директор / собственник,+375 17 278-78-07; +375 17 222-21-31; +375 29 685-41-41; +375 33 685-41-41; 8-801-100-41-41,info@invitro.by,,B,собран
Мир Фитнеса,Услуги,mf.by,Операционный директор / собственник,+375 29 670-00-48,info@mf.by,,B,собран
Сеть фитнеса Адреналин,Услуги,adrenalin.by,Операционный директор / собственник,+375 44 571-30-30; +375 29 571-30-30; +375 44 768-50-00; +375 29 768-50-00; +375 29 339-50-15; +375 44 502-40-00,info@adrenalin.by; fit@adrenalin.by,,B,собран
Аэротрэвел,Услуги,airtravel.by,Операционный директор / собственник,+375 17 336-07-10; +375 17 336-07-11,info@airtravel.by,,B,собран
Внешинтурист,Услуги,321.by,Операционный директор / собственник,+375 17 306-46-56; +375 17 311-50-50; +375 17 284-49-20; +375 17 284-69-06; +375 17 335-26-82; +375 17 335-26-83,tourism@321.by; ticket@321.by,,B,собран
Streamline,Услуги,str.by,Операционный директор / собственник,+375 17 349-70-70; +375 29 349-70-70,info@str.by,,B,собран
International House,Услуги,ih.by,Операционный директор / собственник,+375 17 293-65-55; +375 17 293-06-68; +375 29 777-73-18; +375 44 777-73-18; +375 25 777-73-18; +375 29 607-50-49,office@ih.by,,B,собран
FCBMINSK,Реклама / маркетинг / медиа,fcb.by,Управляющий / директор по развитию,+375 17 224-22-17,pr@fcb.by; hr@fcb.by,,B,собран
PRIMARY,Реклама / маркетинг / медиа,primary.by,Управляющий / директор по развитию,+375 17 347-10-19,,,B,частично
Wunder Digital,Реклама / маркетинг / медиа,wunder-digital.by,Управляющий / директор по развитию,+375 17 388-44-60; +375 29 310-20-93; +375 44 740-20-86,info@wunder.by,,B,собран
PG Brand Reforming,Реклама / маркетинг / медиа,pgr.by,Управляющий / директор по развитию,+375 17 388-91-58,hello@pgr.by,https://www.facebook.com/pgr.by/; https://by.linkedin.com/company/pgr-by,B,собран
Молоко Криэйтив,Реклама / маркетинг / медиа,mlk.by,Управляющий / директор по развитию,+375 17 235-06-68; +375 29 689-00-40,info@mlk.by,,B,собран
Fabula Branding,Реклама / маркетинг / медиа,fabula.by,Управляющий / директор по развитию,+375 17 271-01-23; +375 29 685-77-46,brand@fabula.by,https://www.facebook.com/FabulaBY/,B,собран
IPR Belarus,Реклама / маркетинг / медиа,ipr.by,Управляющий / директор по развитию,+375 17 210-08-67; +375 17 294-65-51,info@ipr.by,,B,собран
Рекламная группа Акробат,Реклама / маркетинг / медиа,acrobat.by,Управляющий / директор по развитию,+375 17 320-96-67; +375 29 167-00-02,info@acrobat.by,,B,собран
WLW Group,Реклама / маркетинг / медиа,wlw.by,Управляющий / директор по развитию,+375 29 380-09-99,info@wlw.by,https://www.youtube.com/@wlwgroup7642,B,собран
ZIEX,Реклама / маркетинг / медиа,ziex.by,Управляющий / директор по развитию,+375 17 266-51-16; +375 44 701-88-88,info@ziex.by; sale@ziex.by,https://www.facebook.com/ZiexProfessional,B,собран
Popcorn,Реклама / маркетинг / медиа,popcornpro.by,Управляющий / директор по развитию,+375 29 681-09-90,hello@popcornpro.by; hello@popcornagency.by,https://www.instagram.com/pop.corn.media/,B,собран
PromoFilm,Реклама / маркетинг / медиа,promofilm.by,Управляющий / директор по развитию,+375 44 746-44-44,info@promofilm.by,https://www.facebook.com/Promofilm.by/,B,собран
Минскреклама,Реклама / маркетинг / медиа,minsk-reklama.by,Управляющий / директор по развитию,+375 17 230-27-37; +375 29 653-57-37; +375 17 230-33-03,info@minsk-reklama.by; ma@minsk-reklama.by,,B,собран
Фабрика рекламы,Реклама / маркетинг / медиа,fabrika.by,Управляющий / директор по развитию,+375 29 329-20-00,info@fabrika.by,,B,собран
Территория БТЛ,Реклама / маркетинг / медиа,regionbtl.by,Управляющий / директор по развитию,+375 17 508-95-57; +375 17 508-95-58; +375 29 662-34-46,,,B,частично
FIRSTAR MEDIA,Реклама / маркетинг / медиа,firstarmedia.by,Управляющий / директор по развитию,+375 29 233-80-37,admin@firstarmedia.by,,B,собран
Webcom Group,Реклама / маркетинг / медиа,webcom-belarus.by,Управляющий / директор по развитию,+375 17 375-34-56; +375 44 506-07-06; +375 29 577-77-24,info@webcom-group.by,,B,собран
Медиа Альянс,Реклама / маркетинг / медиа,mediaalyans.by,Управляющий / директор по развитию,+375 17 336-11-88; +375 17 207-33-86; +375 29 336-11-88,ma@mediaalyans.by,https://www.facebook.com/mediaalyans.minsk/; https://www.youtube.com/@media_alyans,B,собран
MAXI.BY media,Реклама / маркетинг / медиа,media-maxi.by,Управляющий / директор по развитию,+375 17 388-24-23; +375 29 700-34-11; +375 29 101-23-23,info@media-maxi.by,,B,собран
Барсуков Медиа,Реклама / маркетинг / медиа,barsukov.by,Управляющий / директор по развитию,+375 29 692-54-44; +375 33 347-54-44,info@barsukov.by,,B,собран
KUKI Agency,Реклама / маркетинг / медиа,kuki.agency,Управляющий / директор по развитию,,hello@kuki.agency,https://www.behance.net/kukiagency; https://www.linkedin.com/company/kuki-agency,B,частично
Vondel,Реклама / маркетинг / медиа,vondel.by,Управляющий / директор по развитию,+375 17 289-10-09; +375 17 374-11-06; +375 17 374-20-09,info@vondel.by,,B,собран
Credere,Реклама / маркетинг / медиа,credere.by,Управляющий / директор по развитию,+375 17 337-62-68; +375 17 237-91-82; +375 17 237-92-24; +375 29 338-68-77; +375 44 752-80-15,info@credere.by,https://www.facebook.com/credere2009/,B,собран
ROCKY media,Реклама / маркетинг / медиа,rocky.by,Управляющий / директор по развитию,+375 29 144-44-30,sales@rocky.by,,B,собран
Retvor,Реклама / маркетинг / медиа,retvor.by,Управляющий / директор по развитию,+375 29 720-50-47; +375 29 823-50-55,videograf@retvor.by,,B,собран
Lime Media,Реклама / маркетинг / медиа,lmedia.by,Управляющий / директор по развитию,+375 17 210-50-71; +375 29 680-90-35,info@lmedia.by,https://www.facebook.com/Lmedia.by,B,собран
Fishka.by,Реклама / маркетинг / медиа,fishka.by,Управляющий / директор по развитию,+375 17 203-11-74; +375 29 160-10-10,info@fishka.by; client@fishka.by,https://www.youtube.com/@fishka_by,B,собран
Salmon Media,Реклама / маркетинг / медиа,salmonmedia.by,Управляющий / директор по развитию,+375 17 378-17-94,,https://www.facebook.com/salmon.media/,B,частично
Витебский картонажно-полиграфический комбинат,Полиграфия / упаковка,vitkpk.by,Директор / коммерческий директор,+375 212 66-53-52; +375 212 66-23-86; +375 212 67-46-61,vitkpk@vitkpk.by,,B,собран
Альтиора,Полиграфия / упаковка,altiora.by,Директор / коммерческий директор,+375 17 294-90-94; +375 17 305-35-35; +375 29 122-88-99; +375 33 332-88-99,info@altiora.by,,B,собран
Поликрафт,Полиграфия / упаковка,polycraft.by,Директор / коммерческий директор,+375 17 378-26-52; +375 17 378-15-33; +375 29 142-05-95; +375 29 637-68-07,info@polycraft.by,,B,собран
Белпромтара,Полиграфия / упаковка,beltara.by,Директор / коммерческий директор,+375 17 378-83-10,mintara@belhim.by,,B,собран
Современная Безопасность,Безопасность,sovbez.by,Директор / коммерческий директор,+375 17 388-05-85; +375 29 332-44-22; +375 33 332-44-22,zakaz@sovbez.by,,B,собран
ГардСервис,Безопасность,gardservice.by,Директор / коммерческий директор,+375 44 708-30-49,info@gardservice.by,,B,собран
Системы охраны и безопасности,Безопасность,sob.by,Директор / коммерческий директор,+375 17 390-66-66; +375 44 522-11-11; +375 33 340-11-11,info@sob.by,,B,собран
ВАБРА,Клининг / FM,vabra.by,Директор / коммерческий директор,+375 17 388-60-20; +375 44 547-95-71; +375 29 355-11-66,office@vabra.by,,B,собран
ТехКлинингПроект,Клининг / FM,tkproekt.by,Директор / коммерческий директор,+375 17 355-60-60; +375 44 599-92-02,info@tkproekt.by,,B,собран
Best Cleaning,Клининг / FM,bestcleaning.by,Директор / коммерческий директор,+375 29 666-54-15; +375 29 555-54-15,info@bestcleaning.by,,B,собран
Образовательный центр Лидер,Образование,lider.by,Директор / коммерческий директор,+375 29 735-23-52; +375 25 735-23-52; +375 44 735-23-52,info@lider.by,https://www.facebook.com/lider.by/,B,собран
IT-Academy,Образование,it-academy.by,Директор / коммерческий директор,+375 44 781-53-70; +375 44 570-22-22; +375 29 222-24-60; +375 25 760-24-60,info@it-academy.by,,B,собран
EnglishPapa,Образование,englishpapa.by,Директор / коммерческий директор,+375 17 666-68-32; +375 44 700-03-58; +375 29 666-68-32,info@englishpapa.by,,B,собран
Твоя столица,Недвижимость,t-s.by,Директор / коммерческий директор,+375 44 547-00-39; 7735; +375 33 378-66-88; +375 29 539-90-08; +375 29 684-04-45,minsk@t-s.by,https://www.facebook.com/tvoja.stolica/,B,собран
Авангард Недвижимость,Недвижимость,avangard-n.by,Директор / коммерческий директор,+375 44 732-50-00; +375 29 732-50-00; +375 29 374-30-00; +375 17 325-98-01; +375 44 597-55-51,info@avangard-n.by,,B,собран
ПАКОДАН,Недвижимость,pakodan.by,Директор / коммерческий директор,+375 17 210-06-50; +375 29 555-80-80; +375 17 331-60-00; +375 44 555-80-80,info@pakodan.by,https://www.facebook.com/pakodan.minsk/,B,собран
МинскЭкспо,Event,minskexpo.com,Директор / коммерческий директор,+375 17 367-90-84; +375 17 390-91-35; +375 17 303-81-92; +375 17 351-98-87; +375 29 665-44-62,expo@minskexpo.com,https://www.facebook.com/minskexpo/,B,собран
Экспофорум,Event,expoforum.by,Директор / коммерческий директор,+375 17 314-34-39; +375 17 367-34-30,gb@expoforum.by,,B,собран
Eventum Globo,Event,eventum.by,Директор / коммерческий директор,+375 17 302-63-33; +375 17 301-63-33; +375 29 123-66-33; +375 29 342-66-33,info@eventum.by,https://www.facebook.com/EventumGlobo/,B,собран
ЭНЭКА,Энергетика / инжиниринг,eneca.by,Директор / коммерческий директор,+375 17 393-27-88; +375 29 117-38-63,info1@eneca.by,,B,собран
Энергопро,Энергетика / инжиниринг,energopro.by,Директор / коммерческий директор,+375 17 218-11-77; +375 17 218-13-72; +375 29 122-12-39,office@energopro.by,,B,собран
Белэлектромонтажналадка,Энергетика / инжиниринг,bemn.by,Директор / коммерческий директор,+375 17 378-09-05; +375 17 378-43-19; +375 17 379-86-56,bemn@bemn.by; marketing@bemn.by,,B,собран
